city,temperature,humidity,pressure,wind_speed,weather,timestamp
"Delhi,IN",18.24,23,1020,1.2,Clear,2026-01-12 17:30:00
"Delhi,IN",17.46,26,1020,1.43,Clear,2026-01-12 20:30:00
"Delhi,IN",15.37,31,1021,1.13,Clear,2026-01-12 23:30:00
"Delhi,IN",12.56,36,1021,1.38,Clear,2026-01-13 02:30:00
"Delhi,IN",11.67,38,1021,1.41,Clouds,2026-01-13 05:30:00
"Delhi,IN",12.16,35,1022,1.12,Clouds,2026-01-13 08:30:00
"Delhi,IN",17.92,22,1022,1.73,Clouds,2026-01-13 11:30:00
"Delhi,IN",21.1,18,1018,2.75,Clouds,2026-01-13 14:30:00
"Delhi,IN",19.1,24,1017,2.39,Clouds,2026-01-13 17:30:00
"Delhi,IN",16.06,31,1018,1.94,Clouds,2026-01-13 20:30:00
"Delhi,IN",14.13,34,1017,1.98,Clouds,2026-01-13 23:30:00
"Delhi,IN",12.63,37,1017,1.78,Clear,2026-01-14 02:30:00
"Delhi,IN",11.51,37,1016,1.98,Clear,2026-01-14 05:30:00
"Delhi,IN",11.84,34,1018,2.31,Clear,2026-01-14 08:30:00
"Delhi,IN",17.62,21,1017,2.59,Clear,2026-01-14 11:30:00
"Delhi,IN",21.18,17,1014,3.35,Clear,2026-01-14 14:30:00
"Delhi,IN",19.18,22,1014,2.36,Clear,2026-01-14 17:30:00
"Delhi,IN",16.22,30,1016,1.85,Clear,2026-01-14 20:30:00
"Delhi,IN",14.65,31,1017,1.74,Clear,2026-01-14 23:30:00
"Delhi,IN",13.24,31,1016,1.73,Clear,2026-01-15 02:30:00
"Delhi,IN",12.21,29,1016,1.93,Clear,2026-01-15 05:30:00
"Delhi,IN",12.53,25,1018,1.99,Clear,2026-01-15 08:30:00
"Delhi,IN",18.52,20,1018,2.4,Clear,2026-01-15 11:30:00
"Delhi,IN",22.08,19,1015,3.54,Clear,2026-01-15 14:30:00
"Delhi,IN",20.15,24,1015,2.43,Clear,2026-01-15 17:30:00
"Delhi,IN",17.25,31,1016,1.97,Clear,2026-01-15 20:30:00
"Delhi,IN",15.67,30,1016,1.97,Clear,2026-01-15 23:30:00
"Delhi,IN",14.16,29,1016,1.99,Clear,2026-01-16 02:30:00
"Delhi,IN",13.11,28,1015,1.84,Clear,2026-01-16 05:30:00
"Delhi,IN",13.61,26,1017,2.15,Clear,2026-01-16 08:30:00
"Delhi,IN",19.67,19,1017,2.48,Clouds,2026-01-16 11:30:00
"Delhi,IN",23.26,17,1014,3.06,Clouds,2026-01-16 14:30:00
"Delhi,IN",21.13,23,1014,1.94,Clouds,2026-01-16 17:30:00
"Delhi,IN",18.71,28,1015,1.17,Clouds,2026-01-16 20:30:00
"Delhi,IN",16.94,32,1015,0.95,Clouds,2026-01-16 23:30:00
"Delhi,IN",15.61,34,1015,0.7,Clouds,2026-01-17 02:30:00
"Delhi,IN",14.6,36,1015,0.74,Clouds,2026-01-17 05:30:00
"Delhi,IN",15.14,34,1016,1.0,Clouds,2026-01-17 08:30:00
"Delhi,IN",20.87,22,1016,1.28,Clouds,2026-01-17 11:30:00
"Delhi,IN",24.35,16,1013,1.22,Clouds,2026-01-17 14:30:00
"Mumbai,IN",25.59,58,1014,5.95,Clear,2026-01-12 17:30:00
"Mumbai,IN",25.55,59,1015,3.9,Clouds,2026-01-12 20:30:00
"Mumbai,IN",25.78,56,1015,1.79,Clouds,2026-01-12 23:30:00
"Mumbai,IN",24.92,57,1015,2.31,Clouds,2026-01-13 02:30:00
"Mumbai,IN",25.0,54,1015,2.45,Clouds,2026-01-13 05:30:00
"Mumbai,IN",24.89,50,1017,1.51,Clouds,2026-01-13 08:30:00
"Mumbai,IN",25.71,44,1017,1.38,Clear,2026-01-13 11:30:00
"Mumbai,IN",25.5,49,1014,3.3,Clear,2026-01-13 14:30:00
"Mumbai,IN",25.12,61,1014,4.47,Clear,2026-01-13 17:30:00
"Mumbai,IN",24.65,65,1016,4.73,Clear,2026-01-13 20:30:00
"Mumbai,IN",24.77,63,1015,3.22,Clear,2026-01-13 23:30:00
"Mumbai,IN",24.45,62,1013,3.23,Clouds,2026-01-14 02:30:00
"Mumbai,IN",24.14,58,1013,4.01,Clear,2026-01-14 05:30:00
"Mumbai,IN",24.18,51,1015,3.23,Clouds,2026-01-14 08:30:00
"Mumbai,IN",25.86,49,1016,3.06,Clouds,2026-01-14 11:30:00
"Mumbai,IN",25.58,56,1012,7.56,Clear,2026-01-14 14:30:00
"Mumbai,IN",25.0,59,1012,9.85,Clear,2026-01-14 17:30:00
"Mumbai,IN",24.99,58,1014,7.3,Clear,2026-01-14 20:30:00
"Mumbai,IN",24.69,54,1014,4.23,Clear,2026-01-14 23:30:00
"Mumbai,IN",24.11,49,1013,3.06,Clear,2026-01-15 02:30:00
"Mumbai,IN",23.58,46,1012,4.78,Clear,2026-01-15 05:30:00
"Mumbai,IN",23.26,42,1015,3.9,Clear,2026-01-15 08:30:00
"Mumbai,IN",25.45,43,1015,3.71,Clear,2026-01-15 11:30:00
"Mumbai,IN",25.79,49,1011,6.77,Clear,2026-01-15 14:30:00
"Mumbai,IN",25.05,55,1011,7.71,Clear,2026-01-15 17:30:00
"Mumbai,IN",24.89,62,1013,5.9,Clear,2026-01-15 20:30:00
"Mumbai,IN",25.03,59,1013,3.5,Clear,2026-01-15 23:30:00
"Mumbai,IN",24.88,54,1011,2.62,Clear,2026-01-16 02:30:00
"Mumbai,IN",24.43,51,1011,3.56,Clear,2026-01-16 05:30:00
"Mumbai,IN",24.52,49,1014,2.12,Clear,2026-01-16 08:30:00
"Mumbai,IN",26.21,48,1014,1.1,Clear,2026-01-16 11:30:00
"Mumbai,IN",25.97,53,1011,5.46,Clear,2026-01-16 14:30:00
"Mumbai,IN",25.3,65,1011,6.17,Clear,2026-01-16 17:30:00
"Mumbai,IN",24.93,68,1012,4.13,Clouds,2026-01-16 20:30:00
"Mumbai,IN",25.04,67,1013,2.6,Clouds,2026-01-16 23:30:00
"Mumbai,IN",24.67,68,1012,4.26,Clouds,2026-01-17 02:30:00
"Mumbai,IN",24.37,69,1011,3.73,Clouds,2026-01-17 05:30:00
"Mumbai,IN",24.56,65,1014,3.26,Clouds,2026-01-17 08:30:00
"Mumbai,IN",25.81,60,1014,2.64,Clouds,2026-01-17 11:30:00
"Mumbai,IN",25.69,61,1011,5.67,Clouds,2026-01-17 14:30:00
"Chennai,IN",25.69,73,1015,6.18,Clouds,2026-01-12 17:30:00
"Chennai,IN",25.7,72,1016,6.07,Clouds,2026-01-12 20:30:00
"Chennai,IN",25.26,72,1017,5.32,Clouds,2026-01-12 23:30:00
"Chennai,IN",24.92,71,1016,4.76,Clouds,2026-01-13 02:30:00
"Chennai,IN",24.81,72,1016,4.56,Clouds,2026-01-13 05:30:00
"Chennai,IN",25.68,69,1018,4.72,Clouds,2026-01-13 08:30:00
"Chennai,IN",26.74,65,1018,4.97,Clouds,2026-01-13 11:30:00
"Chennai,IN",26.7,65,1014,5.19,Clouds,2026-01-13 14:30:00
"Chennai,IN",25.61,71,1014,4.87,Clouds,2026-01-13 17:30:00
"Chennai,IN",24.98,73,1016,4.27,Clouds,2026-01-13 20:30:00
"Chennai,IN",24.62,73,1015,3.41,Clouds,2026-01-13 23:30:00
"Chennai,IN",24.09,75,1013,2.69,Clouds,2026-01-14 02:30:00
"Chennai,IN",23.66,76,1013,1.51,Clouds,2026-01-14 05:30:00
"Chennai,IN",25.26,69,1016,1.66,Clear,2026-01-14 08:30:00
"Chennai,IN",27.12,59,1016,3.28,Clear,2026-01-14 11:30:00
"Chennai,IN",26.84,61,1012,4.19,Clear,2026-01-14 14:30:00
"Chennai,IN",25.85,66,1013,3.6,Clear,2026-01-14 17:30:00
"Chennai,IN",25.12,71,1015,3.92,Clear,2026-01-14 20:30:00
"Chennai,IN",24.77,72,1014,2.8,Clear,2026-01-14 23:30:00
"Chennai,IN",24.29,74,1012,1.52,Clear,2026-01-15 02:30:00
"Chennai,IN",23.99,76,1012,1.72,Clouds,2026-01-15 05:30:00
"Chennai,IN",25.45,70,1015,1.36,Clear,2026-01-15 08:30:00
"Chennai,IN",27.36,60,1015,3.36,Clear,2026-01-15 11:30:00
"Chennai,IN",27.07,60,1012,4.04,Clear,2026-01-15 14:30:00
"Chennai,IN",25.95,67,1012,4.22,Clear,2026-01-15 17:30:00
"Chennai,IN",25.18,71,1015,3.92,Clear,2026-01-15 20:30:00
"Chennai,IN",24.8,72,1014,3.45,Clear,2026-01-15 23:30:00
"Chennai,IN",24.29,74,1012,2.05,Clear,2026-01-16 02:30:00
"Chennai,IN",23.78,75,1013,0.42,Clear,2026-01-16 05:30:00
"Chennai,IN",25.23,69,1016,0.68,Clear,2026-01-16 08:30:00
"Chennai,IN",27.2,61,1015,4.03,Clear,2026-01-16 11:30:00
"Chennai,IN",26.95,61,1012,4.32,Clear,2026-01-16 14:30:00
"Chennai,IN",25.81,67,1013,3.79,Clear,2026-01-16 17:30:00
"Chennai,IN",24.88,71,1015,2.81,Clear,2026-01-16 20:30:00
"Chennai,IN",24.37,73,1014,2.37,Clear,2026-01-16 23:30:00
"Chennai,IN",23.79,75,1012,1.76,Clear,2026-01-17 02:30:00
"Chennai,IN",23.27,76,1012,1.02,Clouds,2026-01-17 05:30:00
"Chennai,IN",24.36,72,1015,1.93,Clouds,2026-01-17 08:30:00
"Chennai,IN",26.86,59,1015,2.66,Clouds,2026-01-17 11:30:00
"Chennai,IN",26.8,59,1011,4.59,Clear,2026-01-17 14:30:00
"Kolkata,IN",22.0,23,1017,3.45,Clear,2026-01-12 17:30:00
"Kolkata,IN",20.96,25,1017,2.88,Clear,2026-01-12 20:30:00
"Kolkata,IN",18.47,32,1018,3.25,Clear,2026-01-12 23:30:00
"Kolkata,IN",15.21,40,1017,3.34,Clear,2026-01-13 02:30:00
"Kolkata,IN",13.91,47,1018,3.42,Clear,2026-01-13 05:30:00
"Kolkata,IN",18.22,35,1019,3.52,Clear,2026-01-13 08:30:00
"Kolkata,IN",24.47,23,1018,3.63,Clear,2026-01-13 11:30:00
"Kolkata,IN",26.53,18,1013,3.47,Clear,2026-01-13 14:30:00
"Kolkata,IN",22.55,23,1014,3.14,Clear,2026-01-13 17:30:00
"Kolkata,IN",19.86,28,1015,2.5,Clear,2026-01-13 20:30:00
"Kolkata,IN",17.44,34,1015,3.04,Clear,2026-01-13 23:30:00
"Kolkata,IN",15.58,38,1014,3.49,Clear,2026-01-14 02:30:00
"Kolkata,IN",13.94,39,1014,3.35,Clear,2026-01-14 05:30:00
"Kolkata,IN",18.19,33,1016,3.46,Clear,2026-01-14 08:30:00
"Kolkata,IN",24.33,23,1015,3.61,Clear,2026-01-14 11:30:00
"Kolkata,IN",26.69,18,1012,3.68,Clear,2026-01-14 14:30:00
"Kolkata,IN",22.7,21,1013,3.0,Clear,2026-01-14 17:30:00
"Kolkata,IN",20.11,23,1014,1.99,Clear,2026-01-14 20:30:00
"Kolkata,IN",17.58,30,1014,2.61,Clear,2026-01-14 23:30:00
"Kolkata,IN",15.49,35,1014,3.36,Clear,2026-01-15 02:30:00
"Kolkata,IN",14.09,32,1015,2.98,Clear,2026-01-15 05:30:00
"Kolkata,IN",18.71,28,1017,3.15,Clear,2026-01-15 08:30:00
"Kolkata,IN",24.91,19,1015,4.01,Clear,2026-01-15 11:30:00
"Kolkata,IN",26.38,13,1012,5.49,Clear,2026-01-15 14:30:00
"Kolkata,IN",21.89,17,1013,3.09,Clear,2026-01-15 17:30:00
"Kolkata,IN",19.03,19,1014,2.89,Clear,2026-01-15 20:30:00
"Kolkata,IN",16.42,25,1015,2.59,Clear,2026-01-15 23:30:00
"Kolkata,IN",14.68,29,1014,3.01,Clear,2026-01-16 02:30:00
"Kolkata,IN",13.28,33,1015,3.07,Clear,2026-01-16 05:30:00
"Kolkata,IN",17.86,28,1017,3.62,Clear,2026-01-16 08:30:00
"Kolkata,IN",24.11,17,1015,3.26,Clear,2026-01-16 11:30:00
"Kolkata,IN",26.48,14,1012,3.56,Clear,2026-01-16 14:30:00
"Kolkata,IN",22.22,20,1013,3.24,Clear,2026-01-16 17:30:00
"Kolkata,IN",19.25,25,1014,2.44,Clear,2026-01-16 20:30:00
"Kolkata,IN",17.67,29,1014,2.49,Clear,2026-01-16 23:30:00
"Kolkata,IN",15.78,34,1014,2.62,Clear,2026-01-17 02:30:00
"Kolkata,IN",14.24,38,1014,2.32,Clear,2026-01-17 05:30:00
"Kolkata,IN",18.93,31,1016,3.16,Clear,2026-01-17 08:30:00
"Kolkata,IN",25.33,21,1014,3.05,Clear,2026-01-17 11:30:00
"Kolkata,IN",27.44,18,1011,2.55,Clear,2026-01-17 14:30:00
"Bangalore,IN",23.81,61,1015,5.17,Rain,2026-01-12 17:30:00
"Bangalore,IN",22.65,68,1016,4.43,Clouds,2026-01-12 20:30:00
"Bangalore,IN",20.95,79,1017,4.67,Clouds,2026-01-12 23:30:00
"Bangalore,IN",19.2,86,1017,4.39,Clouds,2026-01-13 02:30:00
"Bangalore,IN",18.28,88,1017,4.11,Clouds,2026-01-13 05:30:00
"Bangalore,IN",19.08,83,1019,4.39,Clouds,2026-01-13 08:30:00
"Bangalore,IN",23.15,65,1018,3.88,Clouds,2026-01-13 11:30:00
"Bangalore,IN",25.16,56,1014,4.69,Rain,2026-01-13 14:30:00
"Bangalore,IN",22.97,66,1014,3.53,Rain,2026-01-13 17:30:00
"Bangalore,IN",19.71,79,1017,3.57,Rain,2026-01-13 20:30:00
"Bangalore,IN",19.61,79,1017,3.0,Clouds,2026-01-13 23:30:00
"Bangalore,IN",19.12,81,1014,2.63,Clouds,2026-01-14 02:30:00
"Bangalore,IN",17.59,88,1015,2.53,Clouds,2026-01-14 05:30:00
"Bangalore,IN",20.29,74,1017,2.83,Clouds,2026-01-14 08:30:00
"Bangalore,IN",25.73,50,1016,2.62,Clouds,2026-01-14 11:30:00
"Bangalore,IN",26.02,47,1012,2.63,Rain,2026-01-14 14:30:00
"Bangalore,IN",23.5,56,1013,1.67,Rain,2026-01-14 17:30:00
"Bangalore,IN",23.02,56,1015,3.08,Rain,2026-01-14 20:30:00
"Bangalore,IN",21.04,62,1015,3.17,Clouds,2026-01-14 23:30:00
"Bangalore,IN",18.9,72,1013,3.03,Clouds,2026-01-15 02:30:00
"Bangalore,IN",17.99,79,1014,3.01,Clouds,2026-01-15 05:30:00
"Bangalore,IN",20.74,67,1016,2.94,Clear,2026-01-15 08:30:00
"Bangalore,IN",26.46,42,1015,3.54,Clear,2026-01-15 11:30:00
"Bangalore,IN",28.72,34,1010,4.02,Clouds,2026-01-15 14:30:00
"Bangalore,IN",26.18,39,1011,3.54,Clouds,2026-01-15 17:30:00
"Bangalore,IN",23.53,51,1015,5.8,Clouds,2026-01-15 20:30:00
"Bangalore,IN",20.85,66,1015,5.19,Clouds,2026-01-15 23:30:00
"Bangalore,IN",18.15,81,1014,3.53,Clear,2026-01-16 02:30:00
"Bangalore,IN",17.08,87,1014,3.17,Clear,2026-01-16 05:30:00
"Bangalore,IN",20.06,68,1016,4.17,Clear,2026-01-16 08:30:00
"Bangalore,IN",26.68,37,1015,4.63,Clear,2026-01-16 11:30:00
"Bangalore,IN",28.68,30,1011,3.47,Clear,2026-01-16 14:30:00
"Bangalore,IN",27.41,31,1011,4.17,Clear,2026-01-16 17:30:00
"Bangalore,IN",22.28,52,1015,5.19,Clear,2026-01-16 20:30:00
"Bangalore,IN",19.17,72,1015,4.88,Clear,2026-01-16 23:30:00
"Bangalore,IN",17.55,83,1014,3.4,Clouds,2026-01-17 02:30:00
"Bangalore,IN",16.54,84,1014,2.88,Clouds,2026-01-17 05:30:00
"Bangalore,IN",19.5,66,1016,3.08,Clouds,2026-01-17 08:30:00
"Bangalore,IN",26.06,26,1015,3.93,Clouds,2026-01-17 11:30:00
"Bangalore,IN",28.34,18,1011,3.49,Clouds,2026-01-17 14:30:00
"Hyderabad,IN",26.26,38,1016,3.84,Clouds,2026-01-12 17:30:00
"Hyderabad,IN",25.24,40,1017,3.16,Clouds,2026-01-12 20:30:00
"Hyderabad,IN",23.55,48,1018,4.09,Clouds,2026-01-12 23:30:00
"Hyderabad,IN",19.4,77,1018,3.38,Clouds,2026-01-13 02:30:00
"Hyderabad,IN",18.14,85,1017,2.6,Clouds,2026-01-13 05:30:00
"Hyderabad,IN",20.74,71,1019,4.01,Clouds,2026-01-13 08:30:00
"Hyderabad,IN",26.55,45,1018,3.83,Clouds,2026-01-13 11:30:00
"Hyderabad,IN",28.92,38,1014,2.71,Clouds,2026-01-13 14:30:00
"Hyderabad,IN",27.73,42,1014,3.25,Clouds,2026-01-13 17:30:00
"Hyderabad,IN",24.33,51,1016,3.52,Clouds,2026-01-13 20:30:00
"Hyderabad,IN",23.07,53,1016,3.38,Clouds,2026-01-13 23:30:00
"Hyderabad,IN",22.07,57,1014,1.57,Clouds,2026-01-14 02:30:00
"Hyderabad,IN",20.22,67,1014,1.27,Clouds,2026-01-14 05:30:00
"Hyderabad,IN",22.64,59,1017,2.17,Clouds,2026-01-14 08:30:00
"Hyderabad,IN",27.83,42,1016,0.71,Clouds,2026-01-14 11:30:00
"Hyderabad,IN",29.35,37,1012,1.68,Clouds,2026-01-14 14:30:00
"Hyderabad,IN",27.22,45,1012,1.81,Rain,2026-01-14 17:30:00
"Hyderabad,IN",23.43,60,1015,1.82,Rain,2026-01-14 20:30:00
"Hyderabad,IN",21.79,64,1015,1.59,Clouds,2026-01-14 23:30:00
"Hyderabad,IN",20.85,63,1013,2.22,Clear,2026-01-15 02:30:00
"Hyderabad,IN",19.81,62,1013,2.24,Clear,2026-01-15 05:30:00
"Hyderabad,IN",22.17,61,1016,2.36,Clear,2026-01-15 08:30:00
"Hyderabad,IN",27.59,45,1015,2.32,Clouds,2026-01-15 11:30:00
"Hyderabad,IN",30.46,32,1011,2.2,Clouds,2026-01-15 14:30:00
"Hyderabad,IN",28.96,34,1011,1.89,Clouds,2026-01-15 17:30:00
"Hyderabad,IN",26.26,39,1014,3.52,Clouds,2026-01-15 20:30:00
"Hyderabad,IN",22.8,45,1015,3.46,Clouds,2026-01-15 23:30:00
"Hyderabad,IN",21.09,48,1013,2.77,Clear,2026-01-16 02:30:00
"Hyderabad,IN",19.42,65,1014,2.87,Clear,2026-01-16 05:30:00
"Hyderabad,IN",21.82,66,1016,2.32,Clouds,2026-01-16 08:30:00
"Hyderabad,IN",28.06,33,1016,3.26,Clouds,2026-01-16 11:30:00
"Hyderabad,IN",30.06,26,1012,2.79,Clear,2026-01-16 14:30:00
"Hyderabad,IN",28.51,29,1012,2.77,Clouds,2026-01-16 17:30:00
"Hyderabad,IN",23.76,36,1015,3.21,Clear,2026-01-16 20:30:00
"Hyderabad,IN",21.7,38,1015,2.54,Clear,2026-01-16 23:30:00
"Hyderabad,IN",20.27,41,1014,2.05,Clear,2026-01-17 02:30:00
"Hyderabad,IN",19.04,44,1014,2.19,Clouds,2026-01-17 05:30:00
"Hyderabad,IN",21.99,37,1016,2.38,Clouds,2026-01-17 08:30:00
"Hyderabad,IN",28.34,22,1015,3.27,Clouds,2026-01-17 11:30:00
"Hyderabad,IN",30.29,16,1011,2.61,Clouds,2026-01-17 14:30:00
"Jaipur,IN",16.34,47,1019,1.39,Clear,2026-01-12 17:30:00
"Jaipur,IN",15.4,51,1019,2.13,Clear,2026-01-12 20:30:00
"Jaipur,IN",14.27,55,1020,2.72,Clear,2026-01-12 23:30:00
"Jaipur,IN",10.26,68,1020,2.27,Clear,2026-01-13 02:30:00
"Jaipur,IN",8.97,70,1020,1.8,Clear,2026-01-13 05:30:00
"Jaipur,IN",13.13,57,1021,1.22,Clouds,2026-01-13 08:30:00
"Jaipur,IN",19.34,39,1021,1.87,Clouds,2026-01-13 11:30:00
"Jaipur,IN",22.07,33,1017,1.88,Clear,2026-01-13 14:30:00
"Jaipur,IN",17.84,44,1017,1.81,Clear,2026-01-13 17:30:00
"Jaipur,IN",13.88,59,1017,1.57,Clear,2026-01-13 20:30:00
"Jaipur,IN",12.78,60,1017,0.66,Clear,2026-01-13 23:30:00
"Jaipur,IN",10.1,69,1016,1.54,Clear,2026-01-14 02:30:00
"Jaipur,IN",9.06,70,1016,1.25,Clear,2026-01-14 05:30:00
"Jaipur,IN",13.66,57,1017,0.49,Clear,2026-01-14 08:30:00
"Jaipur,IN",19.82,37,1017,1.6,Clear,2026-01-14 11:30:00
"Jaipur,IN",22.63,24,1014,2.97,Clear,2026-01-14 14:30:00
"Jaipur,IN",17.99,29,1014,2.63,Clear,2026-01-14 17:30:00
"Jaipur,IN",12.95,27,1016,2.93,Clear,2026-01-14 20:30:00
"Jaipur,IN",11.39,24,1017,2.79,Clear,2026-01-14 23:30:00
"Jaipur,IN",10.1,24,1016,2.6,Clear,2026-01-15 02:30:00
"Jaipur,IN",8.17,25,1016,1.86,Clear,2026-01-15 05:30:00
"Jaipur,IN",12.91,28,1018,0.81,Clear,2026-01-15 08:30:00
"Jaipur,IN",20.27,14,1018,0.96,Clear,2026-01-15 11:30:00
"Jaipur,IN",23.1,13,1015,1.47,Clear,2026-01-15 14:30:00
"Jaipur,IN",17.51,23,1015,1.97,Clear,2026-01-15 17:30:00
"Jaipur,IN",13.15,26,1017,1.41,Clear,2026-01-15 20:30:00
"Jaipur,IN",11.53,36,1017,1.75,Clear,2026-01-15 23:30:00
"Jaipur,IN",10.78,36,1016,1.7,Clear,2026-01-16 02:30:00
"Jaipur,IN",9.51,47,1016,1.24,Clear,2026-01-16 05:30:00
"Jaipur,IN",14.89,31,1017,0.5,Clear,2026-01-16 08:30:00
"Jaipur,IN",22.31,16,1017,0.74,Clear,2026-01-16 11:30:00
"Jaipur,IN",25.0,13,1014,1.83,Clouds,2026-01-16 14:30:00
"Jaipur,IN",18.93,22,1014,1.61,Clouds,2026-01-16 17:30:00
"Jaipur,IN",14.95,34,1015,2.05,Clouds,2026-01-16 20:30:00
"Jaipur,IN",13.1,34,1015,1.77,Clouds,2026-01-16 23:30:00
"Jaipur,IN",11.19,44,1015,1.22,Clouds,2026-01-17 02:30:00
"Jaipur,IN",10.67,48,1014,1.49,Clouds,2026-01-17 05:30:00
"Jaipur,IN",15.43,33,1016,1.53,Clouds,2026-01-17 08:30:00
"Jaipur,IN",22.11,23,1016,3.28,Clouds,2026-01-17 11:30:00
"Jaipur,IN",25.16,22,1012,3.41,Clouds,2026-01-17 14:30:00
"Patna,IN",16.72,33,1019,3.67,Clear,2026-01-12 17:30:00
"Patna,IN",15.61,35,1019,3.46,Clear,2026-01-12 20:30:00
"Patna,IN",13.27,42,1020,3.36,Clear,2026-01-12 23:30:00
"Patna,IN",9.83,52,1019,3.28,Clear,2026-01-13 02:30:00
"Patna,IN",8.23,55,1019,3.38,Clear,2026-01-13 05:30:00
"Patna,IN",12.73,45,1021,4.03,Clear,2026-01-13 08:30:00
"Patna,IN",20.6,32,1019,4.06,Clear,2026-01-13 11:30:00
"Patna,IN",22.82,28,1015,4.85,Clear,2026-01-13 14:30:00
"Patna,IN",16.79,41,1015,3.19,Clear,2026-01-13 17:30:00
"Patna,IN",13.43,46,1017,3.3,Clear,2026-01-13 20:30:00
"Patna,IN",11.47,51,1016,3.14,Clear,2026-01-13 23:30:00
"Patna,IN",9.73,54,1015,3.44,Clear,2026-01-14 02:30:00
"Patna,IN",8.13,58,1015,3.01,Clear,2026-01-14 05:30:00
"Patna,IN",12.63,47,1017,3.22,Clear,2026-01-14 08:30:00
"Patna,IN",20.44,29,1016,3.81,Clear,2026-01-14 11:30:00
"Patna,IN",22.78,23,1013,3.95,Clear,2026-01-14 14:30:00
"Patna,IN",16.41,37,1014,3.19,Clear,2026-01-14 17:30:00
"Patna,IN",13.26,43,1016,2.96,Clear,2026-01-14 20:30:00
"Patna,IN",11.3,47,1016,2.85,Clear,2026-01-14 23:30:00
"Patna,IN",9.53,52,1015,2.62,Clear,2026-01-15 02:30:00
"Patna,IN",8.05,55,1016,2.64,Clear,2026-01-15 05:30:00
"Patna,IN",12.68,43,1017,2.95,Clear,2026-01-15 08:30:00
"Patna,IN",20.36,28,1017,3.69,Clear,2026-01-15 11:30:00
"Patna,IN",22.68,23,1013,3.8,Clear,2026-01-15 14:30:00
"Patna,IN",16.42,38,1014,3.28,Clear,2026-01-15 17:30:00
"Patna,IN",13.07,45,1016,3.08,Clear,2026-01-15 20:30:00
"Patna,IN",11.28,51,1016,2.96,Clear,2026-01-15 23:30:00
"Patna,IN",9.71,57,1015,2.66,Clear,2026-01-16 02:30:00
"Patna,IN",8.42,62,1016,2.94,Clear,2026-01-16 05:30:00
"Patna,IN",13.15,48,1017,3.1,Clear,2026-01-16 08:30:00
"Patna,IN",20.63,31,1016,3.16,Clear,2026-01-16 11:30:00
"Patna,IN",23.12,26,1014,3.42,Clear,2026-01-16 14:30:00
"Patna,IN",17.15,41,1014,2.85,Clear,2026-01-16 17:30:00
"Patna,IN",14.39,49,1015,3.08,Clear,2026-01-16 20:30:00
"Patna,IN",12.45,57,1015,2.37,Clear,2026-01-16 23:30:00
"Patna,IN",10.96,63,1015,2.39,Clouds,2026-01-17 02:30:00
"Patna,IN",9.75,69,1015,2.25,Clouds,2026-01-17 05:30:00
"Patna,IN",14.52,55,1017,2.33,Clouds,2026-01-17 08:30:00
"Patna,IN",21.52,36,1016,2.49,Clouds,2026-01-17 11:30:00
"Patna,IN",24.16,29,1013,2.3,Clouds,2026-01-17 14:30:00
"Ranchi,IN",16.47,34,1019,3.62,Clear,2026-01-12 17:30:00
"Ranchi,IN",15.23,39,1020,3.47,Clear,2026-01-12 20:30:00
"Ranchi,IN",12.94,48,1020,3.49,Clear,2026-01-12 23:30:00
"Ranchi,IN",10.06,58,1020,3.68,Clear,2026-01-13 02:30:00
"Ranchi,IN",9.44,59,1020,3.8,Clear,2026-01-13 05:30:00
"Ranchi,IN",15.31,41,1020,5.03,Clear,2026-01-13 08:30:00
"Ranchi,IN",21.17,19,1019,5.59,Clear,2026-01-13 11:30:00
"Ranchi,IN",22.6,16,1015,5.41,Clear,2026-01-13 14:30:00
"Ranchi,IN",16.45,24,1016,3.85,Clear,2026-01-13 17:30:00
"Ranchi,IN",13.43,31,1018,3.89,Clear,2026-01-13 20:30:00
"Ranchi,IN",11.78,34,1017,4.09,Clear,2026-01-13 23:30:00
"Ranchi,IN",10.3,36,1016,3.81,Clear,2026-01-14 02:30:00
"Ranchi,IN",9.35,42,1016,3.63,Clear,2026-01-14 05:30:00
"Ranchi,IN",15.2,34,1017,4.35,Clear,2026-01-14 08:30:00
"Ranchi,IN",21.75,18,1016,5.36,Clear,2026-01-14 11:30:00
"Ranchi,IN",23.37,15,1013,6.3,Clear,2026-01-14 14:30:00
"Ranchi,IN",16.85,27,1014,4.19,Clear,2026-01-14 17:30:00
"Ranchi,IN",14.03,34,1016,3.49,Clear,2026-01-14 20:30:00
"Ranchi,IN",11.88,39,1016,3.34,Clear,2026-01-14 23:30:00
"Ranchi,IN",10.72,44,1016,3.4,Clear,2026-01-15 02:30:00
"Ranchi,IN",9.92,49,1016,3.23,Clear,2026-01-15 05:30:00
"Ranchi,IN",15.87,35,1017,4.18,Clear,2026-01-15 08:30:00
"Ranchi,IN",21.79,26,1016,6.11,Clear,2026-01-15 11:30:00
"Ranchi,IN",23.3,20,1013,6.47,Clear,2026-01-15 14:30:00
"Ranchi,IN",17.1,29,1014,4.48,Clear,2026-01-15 17:30:00
"Ranchi,IN",13.87,36,1016,4.3,Clear,2026-01-15 20:30:00
"Ranchi,IN",11.62,40,1016,3.72,Clear,2026-01-15 23:30:00
"Ranchi,IN",10.44,43,1016,4.0,Clear,2026-01-16 02:30:00
"Ranchi,IN",9.16,48,1016,3.78,Clear,2026-01-16 05:30:00
"Ranchi,IN",15.18,33,1017,4.09,Clear,2026-01-16 08:30:00
"Ranchi,IN",21.96,17,1016,4.62,Clear,2026-01-16 11:30:00
"Ranchi,IN",23.86,14,1013,5.51,Clear,2026-01-16 14:30:00
"Ranchi,IN",17.41,23,1014,4.01,Clear,2026-01-16 17:30:00
"Ranchi,IN",13.95,34,1016,3.65,Clear,2026-01-16 20:30:00
"Ranchi,IN",12.19,39,1016,3.89,Clear,2026-01-16 23:30:00
"Ranchi,IN",10.69,46,1016,3.12,Clear,2026-01-17 02:30:00
"Ranchi,IN",9.76,50,1016,2.93,Clear,2026-01-17 05:30:00
"Ranchi,IN",15.71,34,1017,3.08,Clear,2026-01-17 08:30:00
"Ranchi,IN",22.27,20,1015,5.21,Clear,2026-01-17 11:30:00
"Ranchi,IN",24.76,16,1012,4.88,Clear,2026-01-17 14:30:00
"Lucknow,IN",15.96,32,1020,2.2,Clear,2026-01-12 17:30:00
"Lucknow,IN",14.95,35,1021,2.21,Clear,2026-01-12 20:30:00
"Lucknow,IN",12.87,40,1021,2.3,Clear,2026-01-12 23:30:00
"Lucknow,IN",10.2,46,1020,2.74,Clear,2026-01-13 02:30:00
"Lucknow,IN",8.92,49,1020,2.09,Clear,2026-01-13 05:30:00
"Lucknow,IN",11.75,44,1021,2.25,Clear,2026-01-13 08:30:00
"Lucknow,IN",19.29,28,1021,3.25,Clear,2026-01-13 11:30:00
"Lucknow,IN",22.07,22,1017,4.33,Clear,2026-01-13 14:30:00
"Lucknow,IN",16.68,36,1016,3.0,Clear,2026-01-13 17:30:00
"Lucknow,IN",13.51,45,1017,2.75,Clear,2026-01-13 20:30:00
"Lucknow,IN",11.63,47,1017,3.04,Clear,2026-01-13 23:30:00
"Lucknow,IN",10.14,49,1016,2.59,Clear,2026-01-14 02:30:00
"Lucknow,IN",8.86,51,1016,2.59,Clear,2026-01-14 05:30:00
"Lucknow,IN",11.57,43,1017,2.53,Clear,2026-01-14 08:30:00
"Lucknow,IN",19.4,25,1017,3.54,Clear,2026-01-14 11:30:00
"Lucknow,IN",22.06,23,1014,4.53,Clear,2026-01-14 14:30:00
"Lucknow,IN",16.78,37,1014,2.91,Clear,2026-01-14 17:30:00
"Lucknow,IN",13.71,44,1016,2.39,Clear,2026-01-14 20:30:00
"Lucknow,IN",12.13,46,1016,2.35,Clear,2026-01-14 23:30:00
"Lucknow,IN",10.91,45,1016,2.56,Clear,2026-01-15 02:30:00
"Lucknow,IN",9.27,47,1016,2.42,Clear,2026-01-15 05:30:00
"Lucknow,IN",11.95,42,1017,2.12,Clear,2026-01-15 08:30:00
"Lucknow,IN",19.47,27,1017,3.26,Clear,2026-01-15 11:30:00
"Lucknow,IN",22.07,23,1014,3.67,Clear,2026-01-15 14:30:00
"Lucknow,IN",17.05,37,1014,2.83,Clear,2026-01-15 17:30:00
"Lucknow,IN",14.08,44,1016,2.6,Clear,2026-01-15 20:30:00
"Lucknow,IN",12.31,47,1016,2.8,Clear,2026-01-15 23:30:00
"Lucknow,IN",11.19,48,1016,2.63,Clear,2026-01-16 02:30:00
"Lucknow,IN",10.1,50,1015,2.22,Clear,2026-01-16 05:30:00
"Lucknow,IN",12.75,45,1017,2.07,Clear,2026-01-16 08:30:00
"Lucknow,IN",20.25,30,1017,3.25,Clear,2026-01-16 11:30:00
"Lucknow,IN",23.2,24,1014,3.63,Clear,2026-01-16 14:30:00
"Lucknow,IN",18.05,36,1014,2.41,Clear,2026-01-16 17:30:00
"Lucknow,IN",15.08,41,1016,1.98,Clouds,2026-01-16 20:30:00
"Lucknow,IN",13.44,44,1016,2.08,Clouds,2026-01-16 23:30:00
"Lucknow,IN",12.43,46,1015,2.04,Clouds,2026-01-17 02:30:00
"Lucknow,IN",11.6,48,1015,1.69,Clouds,2026-01-17 05:30:00
"Lucknow,IN",14.46,43,1017,1.07,Clouds,2026-01-17 08:30:00
"Lucknow,IN",20.49,31,1017,1.74,Clouds,2026-01-17 11:30:00
"Lucknow,IN",23.39,26,1014,2.17,Clouds,2026-01-17 14:30:00
"New York,US",0.37,51,1022,5.28,Clear,2026-01-12 17:30:00
"New York,US",0.8,51,1022,5.43,Clouds,2026-01-12 20:30:00
"New York,US",3.17,45,1021,6.23,Clouds,2026-01-12 23:30:00
"New York,US",5.64,42,1020,6.07,Clouds,2026-01-13 02:30:00
"New York,US",4.38,45,1021,6.09,Clouds,2026-01-13 05:30:00
"New York,US",3.62,47,1020,6.05,Clouds,2026-01-13 08:30:00
"New York,US",2.73,50,1020,5.29,Clear,2026-01-13 11:30:00
"New York,US",2.01,53,1020,4.71,Clear,2026-01-13 14:30:00
"New York,US",1.5,56,1019,3.81,Clouds,2026-01-13 17:30:00
"New York,US",3.31,51,1020,3.94,Clear,2026-01-13 20:30:00
"New York,US",6.51,44,1016,4.34,Clouds,2026-01-13 23:30:00
"New York,US",7.21,42,1014,4.2,Clouds,2026-01-14 02:30:00
"New York,US",5.29,60,1012,4.78,Clouds,2026-01-14 05:30:00
"New York,US",5.27,59,1010,5.44,Clouds,2026-01-14 08:30:00
"New York,US",5.68,59,1009,5.32,Clouds,2026-01-14 11:30:00
"New York,US",4.99,63,1008,4.59,Clouds,2026-01-14 14:30:00
"New York,US",4.2,67,1008,3.82,Clouds,2026-01-14 17:30:00
"New York,US",5.35,62,1008,4.01,Clouds,2026-01-14 20:30:00
"New York,US",7.6,54,1005,3.39,Clouds,2026-01-14 23:30:00
"New York,US",7.7,56,1004,2.14,Clouds,2026-01-15 02:30:00
"New York,US",6.48,69,1003,1.4,Clouds,2026-01-15 05:30:00
"New York,US",5.55,79,1001,1.34,Clouds,2026-01-15 08:30:00
"New York,US",5.11,78,999,0.21,Clouds,2026-01-15 11:30:00
"New York,US",4.85,79,997,1.13,Clouds,2026-01-15 14:30:00
"New York,US",4.73,77,997,1.48,Clouds,2026-01-15 17:30:00
"New York,US",4.92,79,998,3.2,Clouds,2026-01-15 20:30:00
"New York,US",6.0,74,997,5.18,Clouds,2026-01-15 23:30:00
"New York,US",5.31,60,998,6.02,Clouds,2026-01-16 02:30:00
"New York,US",3.33,54,1000,5.0,Clouds,2026-01-16 05:30:00
"New York,US",0.57,70,999,5.1,Clouds,2026-01-16 08:30:00
"New York,US",-1.76,57,999,6.39,Clouds,2026-01-16 11:30:00
"New York,US",-2.62,56,1000,7.26,Clouds,2026-01-16 14:30:00
"New York,US",-3.05,60,1003,7.78,Clouds,2026-01-16 17:30:00
"New York,US",-2.72,48,1008,8.96,Clouds,2026-01-16 20:30:00
"New York,US",-0.53,43,1009,8.29,Clouds,2026-01-16 23:30:00
"New York,US",0.15,44,1014,7.25,Clear,2026-01-17 02:30:00
"New York,US",-1.1,39,1019,6.56,Clear,2026-01-17 05:30:00
"New York,US",-1.48,40,1022,4.31,Clear,2026-01-17 08:30:00
"New York,US",-1.15,44,1023,2.86,Clear,2026-01-17 11:30:00
"New York,US",-0.97,48,1024,2.08,Clear,2026-01-17 14:30:00
"Los Angeles,US",8.3,46,1023,2.39,Clouds,2026-01-12 17:30:00
"Los Angeles,US",7.89,41,1023,2.18,Clouds,2026-01-12 20:30:00
"Los Angeles,US",12.2,28,1024,1.72,Clouds,2026-01-12 23:30:00
"Los Angeles,US",18.11,14,1021,1.2,Clouds,2026-01-13 02:30:00
"Los Angeles,US",21.86,17,1020,2.1,Clouds,2026-01-13 05:30:00
"Los Angeles,US",18.28,24,1021,1.93,Clear,2026-01-13 08:30:00
"Los Angeles,US",16.98,21,1022,2.29,Clear,2026-01-13 11:30:00
"Los Angeles,US",16.02,22,1021,2.36,Clear,2026-01-13 14:30:00
"Los Angeles,US",15.27,23,1021,2.42,Clear,2026-01-13 17:30:00
"Los Angeles,US",14.9,25,1022,2.37,Clear,2026-01-13 20:30:00
"Los Angeles,US",19.8,18,1022,1.03,Clear,2026-01-13 23:30:00
"Los Angeles,US",23.97,13,1020,2.08,Clear,2026-01-14 02:30:00
"Los Angeles,US",22.79,20,1019,2.88,Clear,2026-01-14 05:30:00
"Los Angeles,US",18.96,31,1020,0.7,Clear,2026-01-14 08:30:00
"Los Angeles,US",18.41,23,1020,1.66,Clear,2026-01-14 11:30:00
"Los Angeles,US",17.65,19,1019,1.87,Clear,2026-01-14 14:30:00
"Los Angeles,US",17.18,18,1018,1.91,Clear,2026-01-14 17:30:00
"Los Angeles,US",16.85,19,1019,1.71,Clear,2026-01-14 20:30:00
"Los Angeles,US",21.52,14,1020,0.33,Clear,2026-01-14 23:30:00
"Los Angeles,US",24.92,10,1018,1.63,Clear,2026-01-15 02:30:00
"Los Angeles,US",24.44,14,1016,1.33,Clear,2026-01-15 05:30:00
"Los Angeles,US",20.82,23,1018,1.47,Clear,2026-01-15 08:30:00
"Los Angeles,US",19.96,18,1018,1.89,Clear,2026-01-15 11:30:00
"Los Angeles,US",18.83,18,1018,1.99,Clear,2026-01-15 14:30:00
"Los Angeles,US",18.1,19,1017,1.86,Clear,2026-01-15 17:30:00
"Los Angeles,US",17.36,21,1017,1.83,Clear,2026-01-15 20:30:00
"Los Angeles,US",21.95,16,1018,1.15,Clear,2026-01-15 23:30:00
"Los Angeles,US",25.86,12,1015,1.23,Clouds,2026-01-16 02:30:00
"Los Angeles,US",24.84,17,1014,2.18,Clouds,2026-01-16 05:30:00
"Los Angeles,US",19.64,33,1015,0.4,Clouds,2026-01-16 08:30:00
"Los Angeles,US",19.36,25,1016,1.64,Clouds,2026-01-16 11:30:00
"Los Angeles,US",18.51,20,1015,2.19,Clouds,2026-01-16 14:30:00
"Los Angeles,US",17.6,20,1015,1.95,Clouds,2026-01-16 17:30:00
"Los Angeles,US",16.84,20,1016,2.08,Clear,2026-01-16 20:30:00
"Los Angeles,US",21.99,14,1018,1.65,Clear,2026-01-16 23:30:00
"Los Angeles,US",25.85,10,1016,1.19,Clear,2026-01-17 02:30:00
"Los Angeles,US",26.06,11,1015,0.76,Clear,2026-01-17 05:30:00
"Los Angeles,US",21.72,16,1017,3.37,Clear,2026-01-17 08:30:00
"Los Angeles,US",19.69,15,1017,2.77,Clear,2026-01-17 11:30:00
"Los Angeles,US",18.67,13,1017,2.48,Clear,2026-01-17 14:30:00
"Chicago,US",-2.1,71,1021,5.84,Clouds,2026-01-12 17:30:00
"Chicago,US",-1.53,69,1021,5.01,Clouds,2026-01-12 20:30:00
"Chicago,US",1.41,64,1021,4.97,Clouds,2026-01-12 23:30:00
"Chicago,US",3.24,65,1019,4.31,Clouds,2026-01-13 02:30:00
"Chicago,US",1.12,77,1019,3.83,Clouds,2026-01-13 05:30:00
"Chicago,US",1.11,80,1017,3.84,Clouds,2026-01-13 08:30:00
"Chicago,US",1.27,79,1015,3.92,Clouds,2026-01-13 11:30:00
"Chicago,US",2.15,78,1011,4.41,Clouds,2026-01-13 14:30:00
"Chicago,US",2.85,77,1007,6.08,Clouds,2026-01-13 17:30:00
"Chicago,US",3.47,75,1005,6.86,Clouds,2026-01-13 20:30:00
"Chicago,US",6.23,66,1003,6.05,Clouds,2026-01-13 23:30:00
"Chicago,US",7.97,64,1002,6.1,Clouds,2026-01-14 02:30:00
"Chicago,US",6.97,69,1003,5.48,Clouds,2026-01-14 05:30:00
"Chicago,US",5.51,74,1004,4.34,Clouds,2026-01-14 08:30:00
"Chicago,US",4.34,72,1005,4.54,Clouds,2026-01-14 11:30:00
"Chicago,US",3.21,74,1005,4.78,Clouds,2026-01-14 14:30:00
"Chicago,US",0.83,80,1007,7.08,Snow,2026-01-14 17:30:00
"Chicago,US",-3.61,55,1011,7.33,Clouds,2026-01-14 20:30:00
"Chicago,US",-4.48,46,1013,7.33,Clouds,2026-01-14 23:30:00
"Chicago,US",-4.85,49,1015,7.91,Clouds,2026-01-15 02:30:00
"Chicago,US",-5.41,70,1017,8.65,Snow,2026-01-15 05:30:00
"Chicago,US",-5.59,70,1017,9.97,Snow,2026-01-15 08:30:00
"Chicago,US",-6.45,68,1019,9.46,Snow,2026-01-15 11:30:00
"Chicago,US",-7.33,67,1019,8.55,Snow,2026-01-15 14:30:00
"Chicago,US",-7.92,65,1020,7.92,Snow,2026-01-15 17:30:00
"Chicago,US",-7.37,64,1021,6.78,Clouds,2026-01-15 20:30:00
"Chicago,US",-5.1,51,1020,5.97,Clouds,2026-01-15 23:30:00
"Chicago,US",-4.16,46,1019,3.49,Clouds,2026-01-16 02:30:00
"Chicago,US",-4.22,43,1019,2.86,Clouds,2026-01-16 05:30:00
"Chicago,US",-4.53,43,1018,2.97,Clouds,2026-01-16 08:30:00
"Chicago,US",-4.94,45,1017,3.74,Clouds,2026-01-16 11:30:00
"Chicago,US",-4.5,43,1016,4.0,Clouds,2026-01-16 14:30:00
"Chicago,US",-3.75,42,1014,4.72,Clouds,2026-01-16 17:30:00
"Chicago,US",-2.93,51,1014,5.22,Clouds,2026-01-16 20:30:00
"Chicago,US",-1.91,78,1012,4.77,Clouds,2026-01-16 23:30:00
"Chicago,US",-0.74,82,1011,4.34,Snow,2026-01-17 02:30:00
"Chicago,US",-0.68,89,1011,3.91,Snow,2026-01-17 05:30:00
"Chicago,US",-0.9,87,1010,3.45,Clouds,2026-01-17 08:30:00
"Chicago,US",-1.13,91,1009,3.62,Snow,2026-01-17 11:30:00
"Chicago,US",-2.46,85,1010,4.13,Snow,2026-01-17 14:30:00
"Houston,US",6.0,66,1030,3.41,Clouds,2026-01-12 17:30:00
"Houston,US",6.73,60,1031,3.24,Clouds,2026-01-12 20:30:00
"Houston,US",12.59,40,1031,2.56,Clouds,2026-01-12 23:30:00
"Houston,US",16.98,19,1028,1.77,Clouds,2026-01-13 02:30:00
"Houston,US",12.72,20,1027,2.26,Clouds,2026-01-13 05:30:00
"Houston,US",14.72,24,1028,1.97,Clouds,2026-01-13 08:30:00
"Houston,US",13.91,30,1027,1.55,Clouds,2026-01-13 11:30:00
"Houston,US",13.39,38,1026,1.15,Clouds,2026-01-13 14:30:00
"Houston,US",12.31,53,1025,2.79,Clouds,2026-01-13 17:30:00
"Houston,US",12.82,48,1026,1.29,Clouds,2026-01-13 20:30:00
"Houston,US",13.95,43,1025,1.67,Clouds,2026-01-13 23:30:00
"Houston,US",13.99,46,1021,1.4,Clouds,2026-01-14 02:30:00
"Houston,US",14.15,50,1020,2.87,Clouds,2026-01-14 05:30:00
"Houston,US",12.96,58,1020,2.86,Clouds,2026-01-14 08:30:00
"Houston,US",12.3,63,1018,2.34,Clouds,2026-01-14 11:30:00
"Houston,US",13.0,62,1017,2.67,Clouds,2026-01-14 14:30:00
"Houston,US",12.67,67,1017,2.33,Clouds,2026-01-14 17:30:00
"Houston,US",13.97,71,1018,3.49,Clear,2026-01-14 20:30:00
"Houston,US",18.77,38,1017,4.43,Clear,2026-01-14 23:30:00
"Houston,US",19.83,32,1016,6.15,Clouds,2026-01-15 02:30:00
"Houston,US",17.81,41,1019,5.66,Clouds,2026-01-15 05:30:00
"Houston,US",15.88,40,1021,6.4,Clear,2026-01-15 08:30:00
"Houston,US",12.69,39,1023,5.85,Clear,2026-01-15 11:30:00
"Houston,US",10.78,37,1024,5.08,Clear,2026-01-15 14:30:00
"Houston,US",9.01,30,1025,5.03,Clear,2026-01-15 17:30:00
"Houston,US",8.06,25,1027,5.16,Clear,2026-01-15 20:30:00
"Houston,US",11.04,14,1027,4.03,Clear,2026-01-15 23:30:00
"Houston,US",13.26,10,1024,3.24,Clear,2026-01-16 02:30:00
"Houston,US",12.44,13,1023,3.01,Clear,2026-01-16 05:30:00
"Houston,US",10.81,18,1024,2.36,Clear,2026-01-16 08:30:00
"Houston,US",10.09,25,1023,1.8,Clear,2026-01-16 11:30:00
"Houston,US",9.37,29,1022,1.57,Clear,2026-01-16 14:30:00
"Houston,US",9.06,36,1022,1.45,Clear,2026-01-16 17:30:00
"Houston,US",11.08,47,1023,2.09,Clear,2026-01-16 20:30:00
"Houston,US",16.54,41,1021,3.54,Clear,2026-01-16 23:30:00
"Houston,US",18.6,39,1018,2.85,Clear,2026-01-17 02:30:00
"Houston,US",17.9,44,1019,2.87,Clouds,2026-01-17 05:30:00
"Houston,US",16.29,55,1022,1.92,Clouds,2026-01-17 08:30:00
"Houston,US",15.84,58,1023,1.4,Clouds,2026-01-17 11:30:00
"Houston,US",14.41,65,1023,1.14,Clouds,2026-01-17 14:30:00
"Phoenix,US",8.5,40,1024,2.15,Clouds,2026-01-12 17:30:00
"Phoenix,US",8.25,38,1024,1.88,Clouds,2026-01-12 20:30:00
"Phoenix,US",12.87,28,1025,2.71,Clouds,2026-01-12 23:30:00
"Phoenix,US",19.13,17,1021,2.04,Clouds,2026-01-13 02:30:00
"Phoenix,US",19.39,16,1020,0.17,Clouds,2026-01-13 05:30:00
"Phoenix,US",17.37,17,1021,1.26,Clear,2026-01-13 08:30:00
"Phoenix,US",15.62,22,1022,2.15,Clear,2026-01-13 11:30:00
"Phoenix,US",13.49,25,1022,1.98,Clear,2026-01-13 14:30:00
"Phoenix,US",12.55,26,1021,1.67,Clear,2026-01-13 17:30:00
"Phoenix,US",12.11,27,1023,1.46,Clear,2026-01-13 20:30:00
"Phoenix,US",15.84,21,1023,2.43,Clear,2026-01-13 23:30:00
"Phoenix,US",19.11,17,1020,1.13,Clear,2026-01-14 02:30:00
"Phoenix,US",19.82,16,1018,1.41,Clear,2026-01-14 05:30:00
"Phoenix,US",17.83,18,1019,0.44,Clear,2026-01-14 08:30:00
"Phoenix,US",16.68,20,1019,0.56,Clear,2026-01-14 11:30:00
"Phoenix,US",15.68,23,1019,0.73,Clear,2026-01-14 14:30:00
"Phoenix,US",14.57,26,1019,1.54,Clear,2026-01-14 17:30:00
"Phoenix,US",13.94,28,1020,1.34,Clouds,2026-01-14 20:30:00
"Phoenix,US",17.94,21,1021,1.29,Clouds,2026-01-14 23:30:00
"Phoenix,US",21.6,18,1018,0.97,Clear,2026-01-15 02:30:00
"Phoenix,US",22.15,19,1017,1.37,Clear,2026-01-15 05:30:00
"Phoenix,US",20.02,22,1019,1.94,Clear,2026-01-15 08:30:00
"Phoenix,US",18.2,26,1020,3.34,Clear,2026-01-15 11:30:00
"Phoenix,US",16.43,29,1020,1.9,Clear,2026-01-15 14:30:00
"Phoenix,US",15.32,31,1019,1.29,Clear,2026-01-15 17:30:00
"Phoenix,US",14.65,33,1019,1.08,Clouds,2026-01-15 20:30:00
"Phoenix,US",18.24,26,1019,1.96,Clouds,2026-01-15 23:30:00
"Phoenix,US",21.08,22,1016,0.69,Clouds,2026-01-16 02:30:00
"Phoenix,US",21.8,21,1014,0.64,Clouds,2026-01-16 05:30:00
"Phoenix,US",19.63,24,1014,0.32,Clouds,2026-01-16 08:30:00
"Phoenix,US",18.46,25,1015,1.18,Clouds,2026-01-16 11:30:00
"Phoenix,US",17.33,29,1015,1.14,Clouds,2026-01-16 14:30:00
"Phoenix,US",15.69,32,1016,2.03,Clouds,2026-01-16 17:30:00
"Phoenix,US",14.7,28,1018,1.61,Clear,2026-01-16 20:30:00
"Phoenix,US",18.99,18,1019,2.33,Clear,2026-01-16 23:30:00
"Phoenix,US",24.32,9,1016,2.93,Clear,2026-01-17 02:30:00
"Phoenix,US",23.86,9,1015,0.75,Clear,2026-01-17 05:30:00
"Phoenix,US",20.66,11,1017,3.74,Clear,2026-01-17 08:30:00
"Phoenix,US",17.98,13,1018,1.23,Clear,2026-01-17 11:30:00
"Phoenix,US",15.92,15,1019,1.11,Clear,2026-01-17 14:30:00
"San Francisco,US",3.61,77,1026,3.17,Clouds,2026-01-12 17:30:00
"San Francisco,US",4.09,74,1026,3.79,Clouds,2026-01-12 20:30:00
"San Francisco,US",8.86,65,1027,3.92,Clouds,2026-01-12 23:30:00
"San Francisco,US",16.22,54,1025,3.75,Clear,2026-01-13 02:30:00
"San Francisco,US",14.77,55,1023,4.23,Clear,2026-01-13 05:30:00
"San Francisco,US",13.06,63,1024,3.03,Clear,2026-01-13 08:30:00
"San Francisco,US",11.77,70,1025,3.62,Clear,2026-01-13 11:30:00
"San Francisco,US",10.97,71,1024,2.84,Clear,2026-01-13 14:30:00
"San Francisco,US",10.15,71,1024,3.94,Clear,2026-01-13 17:30:00
"San Francisco,US",9.86,68,1025,4.1,Clear,2026-01-13 20:30:00
"San Francisco,US",11.59,60,1025,3.4,Clear,2026-01-13 23:30:00
"San Francisco,US",14.44,55,1024,3.65,Clear,2026-01-14 02:30:00
"San Francisco,US",15.54,54,1023,3.49,Clear,2026-01-14 05:30:00
"San Francisco,US",13.65,60,1024,2.85,Clear,2026-01-14 08:30:00
"San Francisco,US",12.52,65,1024,2.16,Clear,2026-01-14 11:30:00
"San Francisco,US",11.76,65,1024,3.01,Clear,2026-01-14 14:30:00
"San Francisco,US",11.13,63,1023,3.17,Clear,2026-01-14 17:30:00
"San Francisco,US",10.72,65,1023,2.99,Clear,2026-01-14 20:30:00
"San Francisco,US",12.05,64,1024,3.59,Clear,2026-01-14 23:30:00
"San Francisco,US",14.84,56,1022,3.97,Clear,2026-01-15 02:30:00
"San Francisco,US",16.03,53,1020,3.78,Clear,2026-01-15 05:30:00
"San Francisco,US",14.29,58,1020,3.9,Clear,2026-01-15 08:30:00
"San Francisco,US",12.86,66,1020,3.05,Clear,2026-01-15 11:30:00
"San Francisco,US",11.92,67,1019,3.23,Clear,2026-01-15 14:30:00
"San Francisco,US",11.53,68,1018,3.17,Clear,2026-01-15 17:30:00
"San Francisco,US",11.2,70,1019,3.5,Clear,2026-01-15 20:30:00
"San Francisco,US",12.9,62,1019,3.37,Clear,2026-01-15 23:30:00
"San Francisco,US",15.83,55,1018,2.39,Clear,2026-01-16 02:30:00
"San Francisco,US",16.83,53,1017,3.02,Clear,2026-01-16 05:30:00
"San Francisco,US",14.78,61,1017,2.84,Clear,2026-01-16 08:30:00
"San Francisco,US",13.41,68,1018,2.74,Clear,2026-01-16 11:30:00
"San Francisco,US",12.56,68,1018,2.93,Clear,2026-01-16 14:30:00
"San Francisco,US",11.89,68,1018,3.1,Clear,2026-01-16 17:30:00
"San Francisco,US",11.43,68,1018,3.18,Clear,2026-01-16 20:30:00
"San Francisco,US",12.84,62,1020,3.55,Clear,2026-01-16 23:30:00
"San Francisco,US",15.73,53,1018,3.05,Clear,2026-01-17 02:30:00
"San Francisco,US",16.79,50,1018,3.21,Clear,2026-01-17 05:30:00
"San Francisco,US",14.83,57,1019,3.12,Clear,2026-01-17 08:30:00
"San Francisco,US",13.32,63,1020,3.12,Clear,2026-01-17 11:30:00
"San Francisco,US",12.31,64,1020,3.22,Clear,2026-01-17 14:30:00
"Seattle,US",9.1,85,1025,2.99,Rain,2026-01-12 17:30:00
"Seattle,US",9.22,83,1025,5.11,Rain,2026-01-12 20:30:00
"Seattle,US",10.49,82,1026,5.19,Rain,2026-01-12 23:30:00
"Seattle,US",10.55,83,1027,4.37,Rain,2026-01-13 02:30:00
"Seattle,US",12.36,83,1027,3.95,Clouds,2026-01-13 05:30:00
"Seattle,US",10.3,82,1027,3.98,Clouds,2026-01-13 08:30:00
"Seattle,US",10.76,85,1026,3.91,Clouds,2026-01-13 11:30:00
"Seattle,US",10.54,88,1027,2.03,Clouds,2026-01-13 14:30:00
"Seattle,US",10.47,90,1027,1.68,Clouds,2026-01-13 17:30:00
"Seattle,US",10.7,90,1028,1.48,Clouds,2026-01-13 20:30:00
"Seattle,US",12.35,86,1028,0.48,Clouds,2026-01-13 23:30:00
"Seattle,US",15.65,75,1028,0.71,Clouds,2026-01-14 02:30:00
"Seattle,US",13.76,88,1027,1.69,Clouds,2026-01-14 05:30:00
"Seattle,US",11.11,97,1029,2.07,Clouds,2026-01-14 08:30:00
"Seattle,US",10.04,97,1029,1.05,Clouds,2026-01-14 11:30:00
"Seattle,US",9.37,97,1029,0.49,Clear,2026-01-14 14:30:00
"Seattle,US",8.79,98,1031,1.52,Clear,2026-01-14 17:30:00
"Seattle,US",9.19,98,1031,0.85,Clouds,2026-01-14 20:30:00
"Seattle,US",10.18,94,1033,0.94,Clouds,2026-01-14 23:30:00
"Seattle,US",10.7,91,1032,0.3,Clouds,2026-01-15 02:30:00
"Seattle,US",11.25,90,1032,1.34,Clouds,2026-01-15 05:30:00
"Seattle,US",9.45,97,1033,2.0,Clouds,2026-01-15 08:30:00
"Seattle,US",10.56,86,1034,3.17,Clouds,2026-01-15 11:30:00
"Seattle,US",9.42,88,1033,2.62,Clouds,2026-01-15 14:30:00
"Seattle,US",7.92,92,1033,2.01,Clouds,2026-01-15 17:30:00
"Seattle,US",7.16,97,1032,2.77,Clouds,2026-01-15 20:30:00
"Seattle,US",8.5,90,1032,3.1,Clouds,2026-01-15 23:30:00
"Seattle,US",9.32,83,1031,3.62,Clouds,2026-01-16 02:30:00
"Seattle,US",9.09,84,1029,3.33,Clouds,2026-01-16 05:30:00
"Seattle,US",6.89,92,1028,3.22,Clear,2026-01-16 08:30:00
"Seattle,US",6.26,94,1028,2.81,Clear,2026-01-16 11:30:00
"Seattle,US",5.71,95,1027,2.31,Clouds,2026-01-16 14:30:00
"Seattle,US",5.18,95,1026,2.66,Clouds,2026-01-16 17:30:00
"Seattle,US",4.58,95,1026,2.07,Clouds,2026-01-16 20:30:00
"Seattle,US",6.95,77,1026,2.43,Clouds,2026-01-16 23:30:00
"Seattle,US",10.65,58,1024,2.89,Clear,2026-01-17 02:30:00
"Seattle,US",9.27,67,1023,2.43,Clear,2026-01-17 05:30:00
"Seattle,US",6.42,77,1024,2.0,Clear,2026-01-17 08:30:00
"Seattle,US",5.73,79,1024,1.39,Clear,2026-01-17 11:30:00
"Seattle,US",5.16,80,1025,0.88,Clear,2026-01-17 14:30:00
"Miami,US",18.34,88,1021,9.26,Rain,2026-01-12 17:30:00
"Miami,US",19.66,85,1021,7.66,Clouds,2026-01-12 20:30:00
"Miami,US",22.73,76,1021,5.93,Clouds,2026-01-12 23:30:00
"Miami,US",22.91,72,1020,5.41,Clouds,2026-01-13 02:30:00
"Miami,US",21.39,76,1021,5.82,Rain,2026-01-13 05:30:00
"Miami,US",22.62,76,1021,5.2,Rain,2026-01-13 08:30:00
"Miami,US",22.76,74,1020,4.1,Rain,2026-01-13 11:30:00
"Miami,US",23.09,72,1019,3.54,Rain,2026-01-13 14:30:00
"Miami,US",23.23,71,1019,3.64,Clouds,2026-01-13 17:30:00
"Miami,US",23.88,68,1021,3.5,Clouds,2026-01-13 20:30:00
"Miami,US",24.35,65,1019,3.58,Clouds,2026-01-13 23:30:00
"Miami,US",23.77,68,1017,3.5,Clouds,2026-01-14 02:30:00
"Miami,US",23.37,71,1017,3.46,Clouds,2026-01-14 05:30:00
"Miami,US",23.11,73,1018,2.34,Clouds,2026-01-14 08:30:00
"Miami,US",22.83,74,1016,2.51,Clouds,2026-01-14 11:30:00
"Miami,US",22.66,77,1015,2.32,Clouds,2026-01-14 14:30:00
"Miami,US",22.45,79,1015,1.82,Rain,2026-01-14 17:30:00
"Miami,US",23.43,75,1016,2.42,Rain,2026-01-14 20:30:00
"Miami,US",24.9,67,1014,3.7,Rain,2026-01-14 23:30:00
"Miami,US",25.25,65,1012,4.95,Rain,2026-01-15 02:30:00
"Miami,US",24.4,71,1013,5.11,Rain,2026-01-15 05:30:00
"Miami,US",22.27,75,1014,4.7,Rain,2026-01-15 08:30:00
"Miami,US",20.84,76,1013,5.27,Clouds,2026-01-15 11:30:00
"Miami,US",19.65,73,1012,4.38,Clouds,2026-01-15 14:30:00
"Miami,US",19.09,72,1013,3.64,Clouds,2026-01-15 17:30:00
"Miami,US",20.67,69,1014,3.77,Clouds,2026-01-15 20:30:00
"Miami,US",24.52,54,1011,8.31,Clouds,2026-01-15 23:30:00
"Miami,US",23.37,62,1011,10.52,Rain,2026-01-16 02:30:00
"Miami,US",18.3,66,1014,9.33,Rain,2026-01-16 05:30:00
"Miami,US",15.55,60,1017,9.33,Clouds,2026-01-16 08:30:00
"Miami,US",12.05,47,1019,10.54,Clouds,2026-01-16 11:30:00
"Miami,US",10.63,37,1020,8.55,Clear,2026-01-16 14:30:00
"Miami,US",8.9,31,1022,7.95,Clear,2026-01-16 17:30:00
"Miami,US",11.06,48,1023,5.91,Clear,2026-01-16 20:30:00
"Miami,US",15.6,52,1021,4.94,Clear,2026-01-16 23:30:00
"Miami,US",17.6,51,1020,4.91,Clear,2026-01-17 02:30:00
"Miami,US",17.88,51,1022,4.86,Clear,2026-01-17 05:30:00
"Miami,US",18.36,52,1022,5.01,Clouds,2026-01-17 08:30:00
"Miami,US",18.6,54,1021,3.69,Clouds,2026-01-17 11:30:00
"Miami,US",18.53,60,1021,4.11,Clouds,2026-01-17 14:30:00
"London,UK",9.78,86,1003,5.21,Clouds,2026-01-12 17:30:00
"London,UK",10.06,84,1003,5.48,Clouds,2026-01-12 20:30:00
"London,UK",9.9,83,1004,4.85,Clouds,2026-01-12 23:30:00
"London,UK",10.04,87,1005,4.49,Clouds,2026-01-13 02:30:00
"London,UK",6.25,86,1006,3.77,Clouds,2026-01-13 05:30:00
"London,UK",9.33,90,1006,3.2,Clouds,2026-01-13 08:30:00
"London,UK",9.3,94,1006,3.36,Clouds,2026-01-13 11:30:00
"London,UK",8.9,96,1006,3.03,Clouds,2026-01-13 14:30:00
"London,UK",10.41,92,1004,5.74,Rain,2026-01-13 17:30:00
"London,UK",9.77,93,1003,4.74,Rain,2026-01-13 20:30:00
"London,UK",9.08,95,1004,3.64,Rain,2026-01-13 23:30:00
"London,UK",7.33,91,1006,3.09,Rain,2026-01-14 02:30:00
"London,UK",6.65,79,1009,2.08,Rain,2026-01-14 05:30:00
"London,UK",5.02,80,1010,2.41,Clouds,2026-01-14 08:30:00
"London,UK",3.58,84,1012,1.2,Clouds,2026-01-14 11:30:00
"London,UK",3.35,81,1014,0.94,Clear,2026-01-14 14:30:00
"London,UK",5.51,66,1015,0.82,Clear,2026-01-14 17:30:00
"London,UK",5.76,64,1013,0.96,Clouds,2026-01-14 20:30:00
"London,UK",4.9,74,1013,1.53,Clouds,2026-01-14 23:30:00
"London,UK",4.5,74,1012,2.1,Clouds,2026-01-15 02:30:00
"London,UK",4.07,79,1010,2.72,Clouds,2026-01-15 05:30:00
"London,UK",5.48,86,1008,4.19,Clouds,2026-01-15 08:30:00
"London,UK",6.53,87,1007,4.52,Rain,2026-01-15 11:30:00
"London,UK",6.96,92,1005,4.91,Rain,2026-01-15 14:30:00
"London,UK",7.34,94,1003,4.67,Rain,2026-01-15 17:30:00
"London,UK",8.52,91,1000,6.37,Rain,2026-01-15 20:30:00
"London,UK",9.02,86,998,7.12,Rain,2026-01-15 23:30:00
"London,UK",9.05,87,995,6.05,Rain,2026-01-16 02:30:00
"London,UK",6.17,86,998,6.53,Rain,2026-01-16 05:30:00
"London,UK",6.14,86,1002,4.55,Clouds,2026-01-16 08:30:00
"London,UK",4.98,87,1005,3.23,Clouds,2026-01-16 11:30:00
"London,UK",5.24,89,1006,3.16,Clear,2026-01-16 14:30:00
"London,UK",8.45,79,1006,5.06,Clouds,2026-01-16 17:30:00
"London,UK",8.15,82,1006,4.96,Rain,2026-01-16 20:30:00
"London,UK",6.58,91,1008,2.88,Clouds,2026-01-16 23:30:00
"London,UK",5.7,95,1009,2.31,Clouds,2026-01-17 02:30:00
"London,UK",5.34,96,1009,2.67,Clouds,2026-01-17 05:30:00
"London,UK",4.73,97,1010,1.86,Clouds,2026-01-17 08:30:00
"London,UK",4.66,97,1011,1.6,Clouds,2026-01-17 11:30:00
"London,UK",4.96,97,1012,1.4,Clouds,2026-01-17 14:30:00
"Paris,FR",9.66,81,1011,5.97,Rain,2026-01-12 17:30:00
"Paris,FR",10.01,78,1011,6.57,Clouds,2026-01-12 20:30:00
"Paris,FR",9.99,77,1011,5.04,Rain,2026-01-12 23:30:00
"Paris,FR",9.46,81,1012,5.05,Rain,2026-01-13 02:30:00
"Paris,FR",9.12,87,1012,4.44,Clouds,2026-01-13 05:30:00
"Paris,FR",9.04,88,1012,2.9,Clouds,2026-01-13 08:30:00
"Paris,FR",8.13,90,1011,3.08,Clouds,2026-01-13 11:30:00
"Paris,FR",8.57,81,1012,2.59,Clouds,2026-01-13 14:30:00
"Paris,FR",10.96,66,1010,3.39,Clouds,2026-01-13 17:30:00
"Paris,FR",11.34,65,1009,3.59,Clouds,2026-01-13 20:30:00
"Paris,FR",10.57,72,1010,3.8,Clouds,2026-01-13 23:30:00
"Paris,FR",10.2,77,1011,4.12,Clouds,2026-01-14 02:30:00
"Paris,FR",9.8,81,1011,4.46,Clouds,2026-01-14 05:30:00
"Paris,FR",9.71,84,1012,4.21,Clouds,2026-01-14 08:30:00
"Paris,FR",8.89,88,1013,4.08,Clouds,2026-01-14 11:30:00
"Paris,FR",8.43,88,1015,3.17,Clear,2026-01-14 14:30:00
"Paris,FR",11.22,76,1015,3.37,Clouds,2026-01-14 17:30:00
"Paris,FR",12.06,72,1014,3.28,Clouds,2026-01-14 20:30:00
"Paris,FR",10.4,81,1015,3.17,Clouds,2026-01-14 23:30:00
"Paris,FR",9.26,88,1015,3.49,Rain,2026-01-15 02:30:00
"Paris,FR",8.58,92,1014,3.41,Clouds,2026-01-15 05:30:00
"Paris,FR",8.97,92,1013,3.91,Rain,2026-01-15 08:30:00
"Paris,FR",7.77,83,1014,4.34,Clouds,2026-01-15 11:30:00
"Paris,FR",8.02,87,1012,4.2,Clouds,2026-01-15 14:30:00
"Paris,FR",10.52,74,1010,5.09,Clouds,2026-01-15 17:30:00
"Paris,FR",11.47,68,1007,4.64,Clouds,2026-01-15 20:30:00
"Paris,FR",10.88,77,1005,4.57,Clouds,2026-01-15 23:30:00
"Paris,FR",11.44,70,1005,6.73,Rain,2026-01-16 02:30:00
"Paris,FR",9.67,86,1006,5.62,Rain,2026-01-16 05:30:00
"Paris,FR",8.17,76,1009,3.3,Rain,2026-01-16 08:30:00
"Paris,FR",7.12,82,1010,2.83,Clouds,2026-01-16 11:30:00
"Paris,FR",6.85,84,1011,2.27,Clouds,2026-01-16 14:30:00
"Paris,FR",9.26,73,1011,2.89,Clouds,2026-01-16 17:30:00
"Paris,FR",9.62,72,1011,2.89,Clouds,2026-01-16 20:30:00
"Paris,FR",8.48,80,1011,1.92,Clouds,2026-01-16 23:30:00
"Paris,FR",7.35,84,1012,1.54,Clouds,2026-01-17 02:30:00
"Paris,FR",7.14,84,1011,1.31,Clouds,2026-01-17 05:30:00
"Paris,FR",6.87,88,1011,1.42,Clouds,2026-01-17 08:30:00
"Paris,FR",6.82,92,1012,2.13,Rain,2026-01-17 11:30:00
"Paris,FR",6.51,88,1013,1.25,Rain,2026-01-17 14:30:00
"Berlin,DE",-2.73,85,1015,3.87,Snow,2026-01-12 17:30:00
"Berlin,DE",-2.09,88,1015,4.11,Snow,2026-01-12 20:30:00
"Berlin,DE",-0.58,93,1014,3.67,Snow,2026-01-12 23:30:00
"Berlin,DE",1.2,99,1012,3.47,Rain,2026-01-13 02:30:00
"Berlin,DE",2.64,99,1010,2.95,Rain,2026-01-13 05:30:00
"Berlin,DE",0.79,100,1010,1.73,Rain,2026-01-13 08:30:00
"Berlin,DE",1.55,100,1011,2.63,Rain,2026-01-13 11:30:00
"Berlin,DE",1.64,100,1013,1.89,Clouds,2026-01-13 14:30:00
"Berlin,DE",2.1,100,1014,2.38,Clouds,2026-01-13 17:30:00
"Berlin,DE",1.64,100,1014,1.39,Clouds,2026-01-13 20:30:00
"Berlin,DE",1.67,100,1014,2.25,Clouds,2026-01-13 23:30:00
"Berlin,DE",1.73,100,1014,2.6,Clouds,2026-01-14 02:30:00
"Berlin,DE",1.75,100,1012,4.09,Clouds,2026-01-14 05:30:00
"Berlin,DE",2.3,99,1011,4.37,Clouds,2026-01-14 08:30:00
"Berlin,DE",2.76,98,1010,4.39,Clouds,2026-01-14 11:30:00
"Berlin,DE",3.22,96,1010,4.38,Rain,2026-01-14 14:30:00
"Berlin,DE",4.41,95,1010,5.46,Rain,2026-01-14 17:30:00
"Berlin,DE",4.02,98,1013,3.94,Clouds,2026-01-14 20:30:00
"Berlin,DE",2.07,94,1015,4.24,Clouds,2026-01-14 23:30:00
"Berlin,DE",1.41,88,1017,3.52,Clouds,2026-01-15 02:30:00
"Berlin,DE",1.5,85,1017,2.58,Clouds,2026-01-15 05:30:00
"Berlin,DE",-0.16,91,1016,1.74,Clouds,2026-01-15 08:30:00
"Berlin,DE",0.78,92,1015,1.96,Clouds,2026-01-15 11:30:00
"Berlin,DE",1.62,97,1015,2.42,Rain,2026-01-15 14:30:00
"Berlin,DE",2.99,99,1015,1.84,Clouds,2026-01-15 17:30:00
"Berlin,DE",3.62,98,1014,2.27,Clouds,2026-01-15 20:30:00
"Berlin,DE",3.66,96,1014,2.17,Clouds,2026-01-15 23:30:00
"Berlin,DE",3.72,96,1014,1.93,Clouds,2026-01-16 02:30:00
"Berlin,DE",2.9,96,1015,2.69,Clouds,2026-01-16 05:30:00
"Berlin,DE",2.71,95,1014,3.44,Clouds,2026-01-16 08:30:00
"Berlin,DE",2.03,94,1014,3.26,Clouds,2026-01-16 11:30:00
"Berlin,DE",2.92,90,1015,3.42,Clouds,2026-01-16 14:30:00
"Berlin,DE",6.25,79,1016,3.86,Clouds,2026-01-16 17:30:00
"Berlin,DE",4.78,91,1017,2.45,Clouds,2026-01-16 20:30:00
"Berlin,DE",3.36,93,1018,1.95,Clouds,2026-01-16 23:30:00
"Berlin,DE",2.45,94,1019,2.4,Clouds,2026-01-17 02:30:00
"Berlin,DE",1.47,92,1019,2.49,Clouds,2026-01-17 05:30:00
"Berlin,DE",1.29,92,1019,2.66,Clouds,2026-01-17 08:30:00
"Berlin,DE",1.65,92,1019,2.66,Clouds,2026-01-17 11:30:00
"Berlin,DE",1.99,90,1019,2.43,Clouds,2026-01-17 14:30:00
"Rome,IT",6.13,52,1027,1.03,Clouds,2026-01-12 17:30:00
"Rome,IT",6.49,53,1027,0.91,Clouds,2026-01-12 20:30:00
"Rome,IT",5.68,58,1027,1.36,Clouds,2026-01-12 23:30:00
"Rome,IT",5.62,61,1027,1.79,Clouds,2026-01-13 02:30:00
"Rome,IT",5.61,66,1027,2.09,Clouds,2026-01-13 05:30:00
"Rome,IT",7.33,65,1026,2.06,Clouds,2026-01-13 08:30:00
"Rome,IT",7.71,67,1025,2.17,Clouds,2026-01-13 11:30:00
"Rome,IT",9.25,67,1026,2.25,Clouds,2026-01-13 14:30:00
"Rome,IT",11.59,62,1025,3.17,Clouds,2026-01-13 17:30:00
"Rome,IT",9.89,72,1025,2.31,Clouds,2026-01-13 20:30:00
"Rome,IT",9.34,76,1025,2.38,Clouds,2026-01-13 23:30:00
"Rome,IT",8.64,80,1025,1.84,Clouds,2026-01-14 02:30:00
"Rome,IT",8.29,81,1025,1.61,Clouds,2026-01-14 05:30:00
"Rome,IT",8.76,78,1024,1.87,Clouds,2026-01-14 08:30:00
"Rome,IT",8.78,76,1024,1.5,Clouds,2026-01-14 11:30:00
"Rome,IT",10.72,69,1025,1.54,Clouds,2026-01-14 14:30:00
"Rome,IT",12.97,62,1024,2.33,Clouds,2026-01-14 17:30:00
"Rome,IT",12.66,64,1023,1.47,Clouds,2026-01-14 20:30:00
"Rome,IT",10.02,72,1023,1.59,Clouds,2026-01-14 23:30:00
"Rome,IT",8.22,81,1024,1.41,Clouds,2026-01-15 02:30:00
"Rome,IT",7.74,82,1024,1.98,Clouds,2026-01-15 05:30:00
"Rome,IT",7.7,81,1023,2.42,Clouds,2026-01-15 08:30:00
"Rome,IT",7.58,79,1023,2.74,Clouds,2026-01-15 11:30:00
"Rome,IT",9.91,69,1023,1.82,Clouds,2026-01-15 14:30:00
"Rome,IT",13.15,61,1022,1.47,Clouds,2026-01-15 17:30:00
"Rome,IT",12.95,66,1021,1.21,Clouds,2026-01-15 20:30:00
"Rome,IT",9.8,77,1021,0.86,Clouds,2026-01-15 23:30:00
"Rome,IT",8.8,81,1021,1.83,Clouds,2026-01-16 02:30:00
"Rome,IT",8.88,78,1020,2.1,Clouds,2026-01-16 05:30:00
"Rome,IT",8.39,75,1020,1.71,Clouds,2026-01-16 08:30:00
"Rome,IT",8.1,72,1019,1.69,Clouds,2026-01-16 11:30:00
"Rome,IT",11.12,60,1019,0.53,Clouds,2026-01-16 14:30:00
"Rome,IT",14.26,48,1018,1.05,Clouds,2026-01-16 17:30:00
"Rome,IT",13.45,55,1017,0.72,Clouds,2026-01-16 20:30:00
"Rome,IT",11.03,73,1018,1.4,Rain,2026-01-16 23:30:00
"Rome,IT",9.98,80,1018,1.36,Rain,2026-01-17 02:30:00
"Rome,IT",9.68,81,1017,1.61,Clouds,2026-01-17 05:30:00
"Rome,IT",10.16,77,1017,1.53,Clouds,2026-01-17 08:30:00
"Rome,IT",9.93,76,1017,1.12,Clouds,2026-01-17 11:30:00
"Rome,IT",11.53,69,1017,1.02,Clouds,2026-01-17 14:30:00
"Madrid,ES",7.98,71,1023,0.65,Clouds,2026-01-12 17:30:00
"Madrid,ES",8.48,67,1022,0.97,Clouds,2026-01-12 20:30:00
"Madrid,ES",7.71,69,1020,1.11,Clouds,2026-01-12 23:30:00
"Madrid,ES",5.86,73,1019,1.22,Clouds,2026-01-13 02:30:00
"Madrid,ES",4.3,78,1018,0.7,Clouds,2026-01-13 05:30:00
"Madrid,ES",6.65,82,1017,1.09,Clouds,2026-01-13 08:30:00
"Madrid,ES",6.02,79,1016,1.94,Clouds,2026-01-13 11:30:00
"Madrid,ES",7.05,71,1016,3.07,Clouds,2026-01-13 14:30:00
"Madrid,ES",10.53,58,1014,5.85,Clouds,2026-01-13 17:30:00
"Madrid,ES",12.03,48,1012,6.26,Clouds,2026-01-13 20:30:00
"Madrid,ES",8.64,86,1015,2.63,Rain,2026-01-13 23:30:00
"Madrid,ES",8.91,82,1015,3.33,Rain,2026-01-14 02:30:00
"Madrid,ES",8.33,91,1015,4.0,Rain,2026-01-14 05:30:00
"Madrid,ES",7.89,91,1016,2.85,Rain,2026-01-14 08:30:00
"Madrid,ES",7.81,95,1016,2.21,Rain,2026-01-14 11:30:00
"Madrid,ES",8.08,92,1018,1.09,Rain,2026-01-14 14:30:00
"Madrid,ES",8.53,87,1019,1.27,Rain,2026-01-14 17:30:00
"Madrid,ES",8.94,83,1019,0.77,Clouds,2026-01-14 20:30:00
"Madrid,ES",8.49,86,1020,0.93,Clouds,2026-01-14 23:30:00
"Madrid,ES",7.39,90,1021,0.88,Clouds,2026-01-15 02:30:00
"Madrid,ES",6.44,92,1021,0.7,Clouds,2026-01-15 05:30:00
"Madrid,ES",5.76,93,1020,0.89,Clouds,2026-01-15 08:30:00
"Madrid,ES",4.97,96,1020,1.6,Clouds,2026-01-15 11:30:00
"Madrid,ES",4.89,93,1020,2.31,Clouds,2026-01-15 14:30:00
"Madrid,ES",8.11,77,1018,4.25,Clouds,2026-01-15 17:30:00
"Madrid,ES",8.77,69,1016,6.21,Clouds,2026-01-15 20:30:00
"Madrid,ES",6.87,85,1017,5.55,Rain,2026-01-15 23:30:00
"Madrid,ES",6.42,91,1017,4.87,Rain,2026-01-16 02:30:00
"Madrid,ES",6.34,90,1017,3.65,Rain,2026-01-16 05:30:00
"Madrid,ES",6.29,92,1016,3.02,Clouds,2026-01-16 08:30:00
"Madrid,ES",5.54,93,1015,2.62,Clouds,2026-01-16 11:30:00
"Madrid,ES",5.98,90,1015,1.9,Clouds,2026-01-16 14:30:00
"Madrid,ES",9.77,49,1015,3.1,Clouds,2026-01-16 17:30:00
"Madrid,ES",9.74,58,1013,5.01,Rain,2026-01-16 20:30:00
"Madrid,ES",7.43,76,1014,3.93,Rain,2026-01-16 23:30:00
"Madrid,ES",6.46,82,1015,4.24,Rain,2026-01-17 02:30:00
"Madrid,ES",5.75,77,1014,3.71,Rain,2026-01-17 05:30:00
"Madrid,ES",4.96,79,1014,1.79,Clouds,2026-01-17 08:30:00
"Madrid,ES",4.47,86,1013,0.19,Clouds,2026-01-17 11:30:00
"Madrid,ES",4.76,80,1013,0.54,Rain,2026-01-17 14:30:00
"Amsterdam,NL",4.59,98,1006,4.82,Clouds,2026-01-12 17:30:00
"Amsterdam,NL",5.24,98,1006,4.59,Clouds,2026-01-12 20:30:00
"Amsterdam,NL",6.5,99,1005,3.17,Rain,2026-01-12 23:30:00
"Amsterdam,NL",8.92,95,1007,4.41,Clouds,2026-01-13 02:30:00
"Amsterdam,NL",8.65,93,1007,3.85,Clouds,2026-01-13 05:30:00
"Amsterdam,NL",7.53,96,1008,3.64,Clouds,2026-01-13 08:30:00
"Amsterdam,NL",7.51,97,1009,2.96,Clouds,2026-01-13 11:30:00
"Amsterdam,NL",7.55,97,1009,3.26,Clouds,2026-01-13 14:30:00
"Amsterdam,NL",8.6,95,1009,4.33,Clouds,2026-01-13 17:30:00
"Amsterdam,NL",8.39,96,1007,4.63,Rain,2026-01-13 20:30:00
"Amsterdam,NL",8.5,87,1006,5.08,Clouds,2026-01-13 23:30:00
"Amsterdam,NL",8.54,87,1006,5.3,Clouds,2026-01-14 02:30:00
"Amsterdam,NL",8.02,95,1006,4.44,Rain,2026-01-14 05:30:00
"Amsterdam,NL",6.94,97,1006,3.54,Rain,2026-01-14 08:30:00
"Amsterdam,NL",6.09,89,1009,2.91,Rain,2026-01-14 11:30:00
"Amsterdam,NL",4.86,88,1012,2.3,Clouds,2026-01-14 14:30:00
"Amsterdam,NL",6.55,72,1014,3.06,Clouds,2026-01-14 17:30:00
"Amsterdam,NL",5.29,79,1014,1.62,Clear,2026-01-14 20:30:00
"Amsterdam,NL",3.18,86,1014,1.58,Clouds,2026-01-14 23:30:00
"Amsterdam,NL",2.41,86,1014,1.92,Clouds,2026-01-15 02:30:00
"Amsterdam,NL",3.43,93,1012,2.03,Clouds,2026-01-15 05:30:00
"Amsterdam,NL",4.64,98,1010,1.64,Clouds,2026-01-15 08:30:00
"Amsterdam,NL",5.43,98,1010,2.38,Clouds,2026-01-15 11:30:00
"Amsterdam,NL",6.11,95,1009,3.09,Clouds,2026-01-15 14:30:00
"Amsterdam,NL",7.83,86,1009,3.74,Clouds,2026-01-15 17:30:00
"Amsterdam,NL",8.06,85,1007,4.65,Clouds,2026-01-15 20:30:00
"Amsterdam,NL",7.3,86,1006,4.44,Clouds,2026-01-15 23:30:00
"Amsterdam,NL",7.21,88,1005,5.33,Clouds,2026-01-16 02:30:00
"Amsterdam,NL",8.15,87,1003,6.19,Clouds,2026-01-16 05:30:00
"Amsterdam,NL",9.5,81,1001,8.13,Rain,2026-01-16 08:30:00
"Amsterdam,NL",6.86,82,1005,7.5,Clouds,2026-01-16 11:30:00
"Amsterdam,NL",6.76,81,1009,4.6,Clouds,2026-01-16 14:30:00
"Amsterdam,NL",8.67,77,1011,4.1,Clouds,2026-01-16 17:30:00
"Amsterdam,NL",7.81,80,1012,2.48,Clouds,2026-01-16 20:30:00
"Amsterdam,NL",5.67,91,1013,2.48,Clouds,2026-01-16 23:30:00
"Amsterdam,NL",4.81,93,1014,2.14,Clouds,2026-01-17 02:30:00
"Amsterdam,NL",4.12,93,1014,2.04,Clouds,2026-01-17 05:30:00
"Amsterdam,NL",4.02,96,1014,2.03,Clouds,2026-01-17 08:30:00
"Amsterdam,NL",4.34,97,1013,1.99,Clouds,2026-01-17 11:30:00
"Amsterdam,NL",5.61,98,1014,1.25,Rain,2026-01-17 14:30:00
"Vienna,AT",-2.09,69,1022,0.76,Clouds,2026-01-12 17:30:00
"Vienna,AT",-1.96,72,1022,0.05,Snow,2026-01-12 20:30:00
"Vienna,AT",-2.62,87,1021,1.77,Snow,2026-01-12 23:30:00
"Vienna,AT",-3.07,97,1020,1.47,Snow,2026-01-13 02:30:00
"Vienna,AT",-1.81,98,1019,1.87,Snow,2026-01-13 05:30:00
"Vienna,AT",-0.59,98,1018,1.71,Snow,2026-01-13 08:30:00
"Vienna,AT",-0.21,99,1017,1.47,Snow,2026-01-13 11:30:00
"Vienna,AT",0.78,99,1018,0.96,Rain,2026-01-13 14:30:00
"Vienna,AT",2.29,99,1017,0.88,Rain,2026-01-13 17:30:00
"Vienna,AT",1.47,99,1019,0.1,Rain,2026-01-13 20:30:00
"Vienna,AT",0.78,100,1020,0.18,Clouds,2026-01-13 23:30:00
"Vienna,AT",0.33,100,1020,0.95,Clouds,2026-01-14 02:30:00
"Vienna,AT",0.71,99,1020,1.33,Clouds,2026-01-14 05:30:00
"Vienna,AT",-0.23,98,1020,1.93,Clouds,2026-01-14 08:30:00
"Vienna,AT",-0.8,99,1020,1.61,Clouds,2026-01-14 11:30:00
"Vienna,AT",0.07,99,1021,1.44,Clouds,2026-01-14 14:30:00
"Vienna,AT",0.94,99,1021,1.44,Clouds,2026-01-14 17:30:00
"Vienna,AT",0.75,100,1021,1.53,Clouds,2026-01-14 20:30:00
"Vienna,AT",0.53,99,1021,1.45,Clouds,2026-01-14 23:30:00
"Vienna,AT",-0.62,99,1022,0.91,Clouds,2026-01-15 02:30:00
"Vienna,AT",0.41,97,1021,0.84,Clouds,2026-01-15 05:30:00
"Vienna,AT",-0.23,98,1021,0.65,Clouds,2026-01-15 08:30:00
"Vienna,AT",-0.47,98,1021,0.67,Clouds,2026-01-15 11:30:00
"Vienna,AT",1.1,95,1021,0.32,Clouds,2026-01-15 14:30:00
"Vienna,AT",2.33,96,1020,1.03,Clouds,2026-01-15 17:30:00
"Vienna,AT",0.83,99,1021,1.35,Clouds,2026-01-15 20:30:00
"Vienna,AT",0.85,98,1021,1.44,Clouds,2026-01-15 23:30:00
"Vienna,AT",1.03,99,1021,1.36,Clouds,2026-01-16 02:30:00
"Vienna,AT",1.27,99,1020,1.84,Clouds,2026-01-16 05:30:00
"Vienna,AT",1.47,99,1019,2.22,Clouds,2026-01-16 08:30:00
"Vienna,AT",1.25,98,1020,1.37,Clouds,2026-01-16 11:30:00
"Vienna,AT",1.38,100,1020,0.97,Clouds,2026-01-16 14:30:00
"Vienna,AT",1.63,99,1020,0.87,Clouds,2026-01-16 17:30:00
"Vienna,AT",1.61,99,1021,0.96,Clouds,2026-01-16 20:30:00
"Vienna,AT",1.62,100,1021,1.15,Clouds,2026-01-16 23:30:00
"Vienna,AT",1.62,99,1020,1.53,Clouds,2026-01-17 02:30:00
"Vienna,AT",1.63,98,1019,2.08,Clouds,2026-01-17 05:30:00
"Vienna,AT",1.91,98,1018,3.04,Clouds,2026-01-17 08:30:00
"Vienna,AT",2.85,98,1017,3.76,Clouds,2026-01-17 11:30:00
"Vienna,AT",3.32,96,1017,3.0,Clouds,2026-01-17 14:30:00
"Zurich,CH",3.88,85,1020,1.01,Clouds,2026-01-12 17:30:00
"Zurich,CH",4.25,88,1020,1.18,Clouds,2026-01-12 20:30:00
"Zurich,CH",6.61,95,1019,1.24,Rain,2026-01-12 23:30:00
"Zurich,CH",6.02,99,1019,0.93,Clouds,2026-01-13 02:30:00
"Zurich,CH",4.39,99,1020,1.46,Clouds,2026-01-13 05:30:00
"Zurich,CH",0.35,98,1019,0.89,Clouds,2026-01-13 08:30:00
"Zurich,CH",0.1,97,1019,0.91,Clouds,2026-01-13 11:30:00
"Zurich,CH",2.3,97,1019,0.5,Clouds,2026-01-13 14:30:00
"Zurich,CH",5.05,94,1018,0.74,Clouds,2026-01-13 17:30:00
"Zurich,CH",3.31,99,1017,0.31,Clouds,2026-01-13 20:30:00
"Zurich,CH",0.94,101,1018,1.52,Clouds,2026-01-13 23:30:00
"Zurich,CH",0.57,98,1019,1.2,Clouds,2026-01-14 02:30:00
"Zurich,CH",-0.77,99,1019,0.36,Clouds,2026-01-14 05:30:00
"Zurich,CH",-1.61,98,1020,0.93,Clouds,2026-01-14 08:30:00
"Zurich,CH",-1.33,95,1021,1.31,Clouds,2026-01-14 11:30:00
"Zurich,CH",1.8,87,1022,1.05,Clouds,2026-01-14 14:30:00
"Zurich,CH",6.67,83,1021,0.48,Clouds,2026-01-14 17:30:00
"Zurich,CH",4.08,96,1021,1.2,Clouds,2026-01-14 20:30:00
"Zurich,CH",0.68,96,1022,1.79,Clouds,2026-01-14 23:30:00
"Zurich,CH",0.42,94,1022,1.52,Clouds,2026-01-15 02:30:00
"Zurich,CH",0.59,94,1021,1.23,Clouds,2026-01-15 05:30:00
"Zurich,CH",0.3,94,1021,1.23,Clouds,2026-01-15 08:30:00
"Zurich,CH",-0.88,94,1021,1.38,Clouds,2026-01-15 11:30:00
"Zurich,CH",2.65,86,1020,0.93,Clouds,2026-01-15 14:30:00
"Zurich,CH",6.98,80,1017,0.66,Clouds,2026-01-15 17:30:00
"Zurich,CH",4.14,97,1016,0.99,Clouds,2026-01-15 20:30:00
"Zurich,CH",-0.83,100,1017,0.9,Clouds,2026-01-15 23:30:00
"Zurich,CH",-1.98,99,1016,0.34,Clouds,2026-01-16 02:30:00
"Zurich,CH",-1.53,98,1017,1.43,Clouds,2026-01-16 05:30:00
"Zurich,CH",-1.61,97,1017,0.3,Clouds,2026-01-16 08:30:00
"Zurich,CH",-1.88,96,1018,0.26,Clouds,2026-01-16 11:30:00
"Zurich,CH",1.22,89,1018,0.58,Clouds,2026-01-16 14:30:00
"Zurich,CH",4.95,80,1016,1.0,Clouds,2026-01-16 17:30:00
"Zurich,CH",3.27,95,1015,0.89,Clear,2026-01-16 20:30:00
"Zurich,CH",-1.27,100,1016,0.78,Clouds,2026-01-16 23:30:00
"Zurich,CH",-1.69,99,1016,0.83,Clouds,2026-01-17 02:30:00
"Zurich,CH",-1.89,99,1015,0.85,Clouds,2026-01-17 05:30:00
"Zurich,CH",-2.46,100,1015,0.23,Clouds,2026-01-17 08:30:00
"Zurich,CH",-1.46,99,1016,0.96,Clouds,2026-01-17 11:30:00
"Zurich,CH",1.18,92,1017,1.04,Clouds,2026-01-17 14:30:00
"Tokyo,JP",7.37,40,1013,1.68,Clear,2026-01-12 17:30:00
"Tokyo,JP",6.92,38,1013,2.41,Clear,2026-01-12 20:30:00
"Tokyo,JP",5.52,38,1012,1.1,Clear,2026-01-12 23:30:00
"Tokyo,JP",4.41,41,1010,0.21,Clear,2026-01-13 02:30:00
"Tokyo,JP",7.06,39,1008,4.46,Clear,2026-01-13 05:30:00
"Tokyo,JP",13.17,34,1003,10.86,Clear,2026-01-13 08:30:00
"Tokyo,JP",13.28,40,1001,10.8,Clear,2026-01-13 11:30:00
"Tokyo,JP",12.72,32,1002,5.63,Clear,2026-01-13 14:30:00
"Tokyo,JP",10.21,37,1003,1.26,Clear,2026-01-13 17:30:00
"Tokyo,JP",8.7,30,1004,3.28,Clear,2026-01-13 20:30:00
"Tokyo,JP",6.94,32,1006,5.69,Clear,2026-01-13 23:30:00
"Tokyo,JP",5.68,36,1009,5.98,Clear,2026-01-14 02:30:00
"Tokyo,JP",6.23,30,1012,5.68,Clear,2026-01-14 05:30:00
"Tokyo,JP",8.08,27,1012,4.91,Clear,2026-01-14 08:30:00
"Tokyo,JP",9.07,25,1013,1.07,Clouds,2026-01-14 11:30:00
"Tokyo,JP",8.65,27,1015,1.14,Clouds,2026-01-14 14:30:00
"Tokyo,JP",7.93,27,1017,1.92,Clouds,2026-01-14 17:30:00
"Tokyo,JP",5.95,36,1018,3.9,Clouds,2026-01-14 20:30:00
"Tokyo,JP",5.19,39,1018,3.71,Clouds,2026-01-14 23:30:00
"Tokyo,JP",4.71,39,1018,2.83,Clouds,2026-01-15 02:30:00
"Tokyo,JP",5.66,34,1019,1.47,Clouds,2026-01-15 05:30:00
"Tokyo,JP",8.24,43,1016,3.47,Clouds,2026-01-15 08:30:00
"Tokyo,JP",9.92,49,1013,3.68,Clouds,2026-01-15 11:30:00
"Tokyo,JP",10.02,41,1011,4.55,Clouds,2026-01-15 14:30:00
"Tokyo,JP",9.97,37,1009,6.86,Clouds,2026-01-15 17:30:00
"Tokyo,JP",8.75,46,1007,3.81,Clear,2026-01-15 20:30:00
"Tokyo,JP",7.21,44,1008,2.74,Clear,2026-01-15 23:30:00
"Tokyo,JP",7.24,51,1009,1.1,Clear,2026-01-16 02:30:00
"Tokyo,JP",8.91,50,1011,1.82,Clear,2026-01-16 05:30:00
"Tokyo,JP",12.46,34,1011,4.27,Clear,2026-01-16 08:30:00
"Tokyo,JP",13.9,26,1011,4.71,Clear,2026-01-16 11:30:00
"Tokyo,JP",11.05,32,1015,5.67,Clear,2026-01-16 14:30:00
"Tokyo,JP",9.13,36,1016,4.97,Clear,2026-01-16 17:30:00
"Tokyo,JP",7.55,45,1017,4.03,Clear,2026-01-16 20:30:00
"Tokyo,JP",6.66,49,1017,2.19,Clear,2026-01-16 23:30:00
"Tokyo,JP",6.54,49,1018,2.2,Clouds,2026-01-17 02:30:00
"Tokyo,JP",6.87,44,1020,3.55,Clouds,2026-01-17 05:30:00
"Tokyo,JP",9.23,35,1018,2.02,Clouds,2026-01-17 08:30:00
"Tokyo,JP",10.57,39,1017,2.1,Clouds,2026-01-17 11:30:00
"Tokyo,JP",10.33,41,1018,1.16,Clear,2026-01-17 14:30:00
"Osaka,JP",6.48,55,1018,3.94,Clouds,2026-01-12 17:30:00
"Osaka,JP",6.21,56,1018,3.35,Clouds,2026-01-12 20:30:00
"Osaka,JP",5.65,59,1016,2.84,Clouds,2026-01-12 23:30:00
"Osaka,JP",5.16,62,1013,2.53,Clouds,2026-01-13 02:30:00
"Osaka,JP",7.49,58,1011,3.42,Clouds,2026-01-13 05:30:00
"Osaka,JP",9.9,76,1010,8.75,Rain,2026-01-13 08:30:00
"Osaka,JP",12.86,44,1009,9.2,Rain,2026-01-13 11:30:00
"Osaka,JP",8.66,48,1013,7.48,Clouds,2026-01-13 14:30:00
"Osaka,JP",6.57,43,1015,6.65,Clouds,2026-01-13 17:30:00
"Osaka,JP",5.05,43,1016,5.84,Clouds,2026-01-13 20:30:00
"Osaka,JP",3.86,46,1018,6.3,Clouds,2026-01-13 23:30:00
"Osaka,JP",3.35,48,1019,6.11,Clear,2026-01-14 02:30:00
"Osaka,JP",4.04,47,1021,6.31,Clear,2026-01-14 05:30:00
"Osaka,JP",6.5,37,1021,5.67,Clear,2026-01-14 08:30:00
"Osaka,JP",8.99,29,1020,5.2,Clouds,2026-01-14 11:30:00
"Osaka,JP",7.51,40,1022,3.84,Clouds,2026-01-14 14:30:00
"Osaka,JP",6.36,45,1023,1.72,Clouds,2026-01-14 17:30:00
"Osaka,JP",5.68,49,1022,1.96,Clear,2026-01-14 20:30:00
"Osaka,JP",4.85,54,1022,1.09,Clear,2026-01-14 23:30:00
"Osaka,JP",4.4,58,1021,0.65,Clouds,2026-01-15 02:30:00
"Osaka,JP",5.38,56,1022,1.2,Clouds,2026-01-15 05:30:00
"Osaka,JP",8.47,49,1019,1.58,Clouds,2026-01-15 08:30:00
"Osaka,JP",11.2,41,1015,2.21,Clouds,2026-01-15 11:30:00
"Osaka,JP",12.15,63,1014,4.27,Clouds,2026-01-15 14:30:00
"Osaka,JP",11.33,68,1014,2.75,Rain,2026-01-15 17:30:00
"Osaka,JP",9.67,69,1014,2.36,Clouds,2026-01-15 20:30:00
"Osaka,JP",9.6,75,1014,3.3,Clouds,2026-01-15 23:30:00
"Osaka,JP",8.23,68,1016,2.12,Clear,2026-01-16 02:30:00
"Osaka,JP",9.05,63,1018,1.75,Clear,2026-01-16 05:30:00
"Osaka,JP",11.84,46,1018,2.84,Clear,2026-01-16 08:30:00
"Osaka,JP",13.4,38,1018,3.03,Clear,2026-01-16 11:30:00
"Osaka,JP",11.0,47,1020,3.68,Clear,2026-01-16 14:30:00
"Osaka,JP",9.57,52,1020,2.71,Clear,2026-01-16 17:30:00
"Osaka,JP",8.02,61,1020,1.08,Clear,2026-01-16 20:30:00
"Osaka,JP",7.1,65,1020,0.4,Clear,2026-01-16 23:30:00
"Osaka,JP",6.35,67,1020,1.26,Clear,2026-01-17 02:30:00
"Osaka,JP",7.56,60,1022,1.62,Clear,2026-01-17 05:30:00
"Osaka,JP",11.1,43,1020,1.56,Clear,2026-01-17 08:30:00
"Osaka,JP",12.48,36,1020,2.2,Clear,2026-01-17 11:30:00
"Osaka,JP",11.3,40,1021,1.58,Clear,2026-01-17 14:30:00
"Seoul,KR",1.9,95,1011,4.4,Rain,2026-01-12 17:30:00
"Seoul,KR",2.13,91,1010,4.34,Rain,2026-01-12 20:30:00
"Seoul,KR",0.9,84,1010,3.85,Clouds,2026-01-12 23:30:00
"Seoul,KR",-2.11,82,1013,4.59,Clouds,2026-01-13 02:30:00
"Seoul,KR",-5.08,57,1017,6.48,Clouds,2026-01-13 05:30:00
"Seoul,KR",-5.6,51,1019,6.88,Clear,2026-01-13 08:30:00
"Seoul,KR",-5.33,45,1020,6.97,Clear,2026-01-13 11:30:00
"Seoul,KR",-7.99,56,1022,5.54,Clear,2026-01-13 14:30:00
"Seoul,KR",-9.07,50,1024,4.72,Clear,2026-01-13 17:30:00
"Seoul,KR",-9.59,43,1025,3.51,Clear,2026-01-13 20:30:00
"Seoul,KR",-9.52,41,1026,1.92,Clear,2026-01-13 23:30:00
"Seoul,KR",-9.17,41,1026,0.96,Clear,2026-01-14 02:30:00
"Seoul,KR",-8.56,40,1026,0.64,Clear,2026-01-14 05:30:00
"Seoul,KR",-5.16,29,1027,0.37,Clear,2026-01-14 08:30:00
"Seoul,KR",-3.18,33,1025,1.06,Clear,2026-01-14 11:30:00
"Seoul,KR",-3.31,43,1024,1.75,Clouds,2026-01-14 14:30:00
"Seoul,KR",-3.08,49,1022,1.36,Clouds,2026-01-14 17:30:00
"Seoul,KR",-2.8,57,1019,2.06,Clouds,2026-01-14 20:30:00
"Seoul,KR",-2.59,68,1017,2.67,Snow,2026-01-14 23:30:00
"Seoul,KR",-2.73,92,1013,2.13,Snow,2026-01-15 02:30:00
"Seoul,KR",-1.6,97,1012,1.52,Snow,2026-01-15 05:30:00
"Seoul,KR",0.73,96,1014,0.86,Clouds,2026-01-15 08:30:00
"Seoul,KR",2.75,93,1014,1.23,Clouds,2026-01-15 11:30:00
"Seoul,KR",0.47,95,1016,0.82,Clouds,2026-01-15 14:30:00
"Seoul,KR",0.36,92,1018,1.68,Clouds,2026-01-15 17:30:00
"Seoul,KR",-1.38,90,1020,1.42,Clouds,2026-01-15 20:30:00
"Seoul,KR",-1.51,90,1021,0.32,Clouds,2026-01-15 23:30:00
"Seoul,KR",-1.87,92,1021,0.94,Clear,2026-01-16 02:30:00
"Seoul,KR",-1.27,88,1023,0.58,Clear,2026-01-16 05:30:00
"Seoul,KR",1.59,71,1023,0.6,Clear,2026-01-16 08:30:00
"Seoul,KR",2.91,60,1022,0.35,Clear,2026-01-16 11:30:00
"Seoul,KR",0.62,74,1022,0.72,Clouds,2026-01-16 14:30:00
"Seoul,KR",0.06,76,1022,0.99,Clear,2026-01-16 17:30:00
"Seoul,KR",-0.17,75,1022,0.93,Clear,2026-01-16 20:30:00
"Seoul,KR",-0.54,76,1023,0.9,Clear,2026-01-16 23:30:00
"Seoul,KR",-1.1,80,1023,1.0,Clear,2026-01-17 02:30:00
"Seoul,KR",-1.14,77,1025,1.1,Clear,2026-01-17 05:30:00
"Seoul,KR",1.0,51,1025,1.4,Clear,2026-01-17 08:30:00
"Seoul,KR",1.76,38,1024,1.69,Clear,2026-01-17 11:30:00
"Seoul,KR",-0.17,48,1024,1.28,Clear,2026-01-17 14:30:00
"Beijing,CN",2.01,29,1017,3.2,Clear,2026-01-12 17:30:00
"Beijing,CN",1.48,29,1018,2.39,Clear,2026-01-12 20:30:00
"Beijing,CN",0.6,29,1018,3.24,Clear,2026-01-12 23:30:00
"Beijing,CN",-1.23,31,1020,1.26,Clear,2026-01-13 02:30:00
"Beijing,CN",-2.45,33,1022,2.18,Clear,2026-01-13 05:30:00
"Beijing,CN",-0.12,31,1023,2.53,Clouds,2026-01-13 08:30:00
"Beijing,CN",1.03,25,1020,2.9,Clouds,2026-01-13 11:30:00
"Beijing,CN",0.68,30,1020,1.03,Clouds,2026-01-13 14:30:00
"Beijing,CN",-0.41,36,1021,1.55,Clouds,2026-01-13 17:30:00
"Beijing,CN",-1.36,46,1021,1.0,Clear,2026-01-13 20:30:00
"Beijing,CN",-1.96,53,1021,1.43,Clouds,2026-01-13 23:30:00
"Beijing,CN",-2.65,57,1020,1.6,Clouds,2026-01-14 02:30:00
"Beijing,CN",-2.78,55,1019,1.73,Clouds,2026-01-14 05:30:00
"Beijing,CN",-1.64,49,1019,1.52,Clouds,2026-01-14 08:30:00
"Beijing,CN",-0.65,45,1016,0.42,Clouds,2026-01-14 11:30:00
"Beijing,CN",-0.78,46,1014,0.71,Clouds,2026-01-14 14:30:00
"Beijing,CN",-1.09,47,1014,0.33,Clouds,2026-01-14 17:30:00
"Beijing,CN",-1.63,48,1014,1.13,Clouds,2026-01-14 20:30:00
"Beijing,CN",-0.89,47,1014,0.68,Clear,2026-01-14 23:30:00
"Beijing,CN",1.38,40,1014,2.89,Clear,2026-01-15 02:30:00
"Beijing,CN",-0.06,44,1016,1.11,Clear,2026-01-15 05:30:00
"Beijing,CN",2.14,38,1018,0.69,Clear,2026-01-15 08:30:00
"Beijing,CN",4.56,32,1016,0.49,Clear,2026-01-15 11:30:00
"Beijing,CN",2.91,36,1017,0.82,Clear,2026-01-15 14:30:00
"Beijing,CN",1.09,49,1019,1.85,Clouds,2026-01-15 17:30:00
"Beijing,CN",-0.9,79,1021,1.92,Clouds,2026-01-15 20:30:00
"Beijing,CN",-2.25,66,1023,2.21,Clouds,2026-01-15 23:30:00
"Beijing,CN",-2.77,61,1023,2.18,Clouds,2026-01-16 02:30:00
"Beijing,CN",-2.81,57,1025,1.84,Clouds,2026-01-16 05:30:00
"Beijing,CN",-1.14,52,1026,0.99,Clouds,2026-01-16 08:30:00
"Beijing,CN",0.6,47,1024,0.65,Clouds,2026-01-16 11:30:00
"Beijing,CN",0.71,46,1024,0.66,Clear,2026-01-16 14:30:00
"Beijing,CN",-0.04,51,1026,1.22,Clear,2026-01-16 17:30:00
"Beijing,CN",-0.33,55,1027,0.91,Clear,2026-01-16 20:30:00
"Beijing,CN",-1.28,47,1028,2.35,Clear,2026-01-16 23:30:00
"Beijing,CN",-2.44,50,1029,1.88,Clouds,2026-01-17 02:30:00
"Beijing,CN",-3.08,51,1030,1.28,Clouds,2026-01-17 05:30:00
"Beijing,CN",-1.79,42,1030,2.01,Clouds,2026-01-17 08:30:00
"Beijing,CN",-0.51,30,1027,2.8,Clouds,2026-01-17 11:30:00
"Beijing,CN",-0.47,39,1026,2.93,Clouds,2026-01-17 14:30:00
"Bangkok,TH",28.51,40,1014,1.16,Clouds,2026-01-12 17:30:00
"Bangkok,TH",28.14,40,1014,1.1,Clouds,2026-01-12 20:30:00
"Bangkok,TH",26.25,42,1015,2.06,Clouds,2026-01-12 23:30:00
"Bangkok,TH",22.96,45,1014,1.57,Clouds,2026-01-13 02:30:00
"Bangkok,TH",22.62,48,1015,2.05,Clouds,2026-01-13 05:30:00
"Bangkok,TH",27.04,38,1017,1.48,Clouds,2026-01-13 08:30:00
"Bangkok,TH",31.34,30,1014,1.07,Clouds,2026-01-13 11:30:00
"Bangkok,TH",32.27,27,1011,0.56,Clear,2026-01-13 14:30:00
"Bangkok,TH",30.41,32,1012,1.34,Clouds,2026-01-13 17:30:00
"Bangkok,TH",28.46,38,1013,1.59,Clouds,2026-01-13 20:30:00
"Bangkok,TH",26.66,47,1012,1.22,Clouds,2026-01-13 23:30:00
"Bangkok,TH",25.1,53,1011,1.34,Clouds,2026-01-14 02:30:00
"Bangkok,TH",24.41,53,1013,0.62,Clouds,2026-01-14 05:30:00
"Bangkok,TH",28.57,46,1015,1.66,Clouds,2026-01-14 08:30:00
"Bangkok,TH",32.28,34,1011,3.04,Clouds,2026-01-14 11:30:00
"Bangkok,TH",32.07,34,1009,4.69,Clouds,2026-01-14 14:30:00
"Bangkok,TH",28.49,45,1011,3.86,Clouds,2026-01-14 17:30:00
"Bangkok,TH",27.01,61,1012,4.29,Clouds,2026-01-14 20:30:00
"Bangkok,TH",26.03,72,1012,4.18,Clouds,2026-01-14 23:30:00
"Bangkok,TH",25.43,76,1011,2.6,Clouds,2026-01-15 02:30:00
"Bangkok,TH",25.12,79,1013,1.98,Clouds,2026-01-15 05:30:00
"Bangkok,TH",29.19,54,1014,3.34,Clouds,2026-01-15 08:30:00
"Bangkok,TH",32.08,43,1011,3.64,Clouds,2026-01-15 11:30:00
"Bangkok,TH",32.42,40,1008,4.34,Clouds,2026-01-15 14:30:00
"Bangkok,TH",28.89,51,1009,3.55,Clouds,2026-01-15 17:30:00
"Bangkok,TH",27.29,65,1011,4.25,Clouds,2026-01-15 20:30:00
"Bangkok,TH",26.4,73,1010,3.99,Clouds,2026-01-15 23:30:00
"Bangkok,TH",25.84,77,1009,2.79,Clouds,2026-01-16 02:30:00
"Bangkok,TH",25.48,78,1011,1.42,Clouds,2026-01-16 05:30:00
"Bangkok,TH",29.76,53,1013,3.11,Clouds,2026-01-16 08:30:00
"Bangkok,TH",32.95,40,1010,3.82,Clouds,2026-01-16 11:30:00
"Bangkok,TH",32.94,37,1007,4.51,Clouds,2026-01-16 14:30:00
"Bangkok,TH",29.23,53,1009,4.89,Clouds,2026-01-16 17:30:00
"Bangkok,TH",27.52,67,1010,4.74,Clouds,2026-01-16 20:30:00
"Bangkok,TH",26.73,74,1009,3.91,Clouds,2026-01-16 23:30:00
"Bangkok,TH",26.09,80,1009,3.29,Clouds,2026-01-17 02:30:00
"Bangkok,TH",25.76,80,1010,2.35,Clouds,2026-01-17 05:30:00
"Bangkok,TH",29.87,56,1012,2.59,Clear,2026-01-17 08:30:00
"Bangkok,TH",33.39,41,1008,3.0,Clear,2026-01-17 11:30:00
"Bangkok,TH",33.0,40,1006,4.67,Clouds,2026-01-17 14:30:00
"Singapore,SG",26.83,69,1012,7.27,Clouds,2026-01-12 17:30:00
"Singapore,SG",26.33,72,1013,7.47,Clouds,2026-01-12 20:30:00
"Singapore,SG",25.51,81,1013,7.44,Clouds,2026-01-12 23:30:00
"Singapore,SG",24.19,89,1012,6.04,Clouds,2026-01-13 02:30:00
"Singapore,SG",24.92,87,1013,5.42,Clouds,2026-01-13 05:30:00
"Singapore,SG",27.23,72,1014,5.68,Clouds,2026-01-13 08:30:00
"Singapore,SG",28.74,66,1012,3.7,Clouds,2026-01-13 11:30:00
"Singapore,SG",28.35,70,1010,2.25,Rain,2026-01-13 14:30:00
"Singapore,SG",26.42,76,1011,6.75,Rain,2026-01-13 17:30:00
"Singapore,SG",25.34,81,1013,5.79,Clouds,2026-01-13 20:30:00
"Singapore,SG",24.65,87,1012,5.42,Clouds,2026-01-13 23:30:00
"Singapore,SG",24.38,88,1011,4.87,Clouds,2026-01-14 02:30:00
"Singapore,SG",24.47,86,1012,4.27,Clouds,2026-01-14 05:30:00
"Singapore,SG",27.05,73,1013,4.46,Clouds,2026-01-14 08:30:00
"Singapore,SG",28.65,67,1010,2.54,Rain,2026-01-14 11:30:00
"Singapore,SG",28.33,68,1009,3.98,Rain,2026-01-14 14:30:00
"Singapore,SG",26.35,77,1011,6.39,Rain,2026-01-14 17:30:00
"Singapore,SG",24.94,82,1013,6.2,Clouds,2026-01-14 20:30:00
"Singapore,SG",24.43,83,1011,5.89,Clouds,2026-01-14 23:30:00
"Singapore,SG",24.12,85,1010,6.16,Clouds,2026-01-15 02:30:00
"Singapore,SG",24.15,85,1012,5.13,Clouds,2026-01-15 05:30:00
"Singapore,SG",26.77,72,1013,5.18,Clouds,2026-01-15 08:30:00
"Singapore,SG",28.73,66,1010,1.11,Clouds,2026-01-15 11:30:00
"Singapore,SG",27.06,74,1008,2.31,Rain,2026-01-15 14:30:00
"Singapore,SG",26.64,76,1010,3.5,Rain,2026-01-15 17:30:00
"Singapore,SG",25.13,81,1012,5.67,Clouds,2026-01-15 20:30:00
"Singapore,SG",24.68,84,1010,6.1,Clouds,2026-01-15 23:30:00
"Singapore,SG",24.35,86,1009,6.3,Clouds,2026-01-16 02:30:00
"Singapore,SG",24.41,84,1011,5.44,Clouds,2026-01-16 05:30:00
"Singapore,SG",27.07,70,1012,4.87,Clouds,2026-01-16 08:30:00
"Singapore,SG",28.76,66,1009,1.09,Clouds,2026-01-16 11:30:00
"Singapore,SG",27.19,74,1008,2.53,Rain,2026-01-16 14:30:00
"Singapore,SG",26.84,76,1010,3.78,Rain,2026-01-16 17:30:00
"Singapore,SG",25.33,79,1011,5.68,Clouds,2026-01-16 20:30:00
"Singapore,SG",24.65,83,1010,6.04,Clouds,2026-01-16 23:30:00
"Singapore,SG",24.35,84,1009,6.0,Clouds,2026-01-17 02:30:00
"Singapore,SG",24.31,83,1010,5.54,Clouds,2026-01-17 05:30:00
"Singapore,SG",25.96,73,1011,5.15,Clouds,2026-01-17 08:30:00
"Singapore,SG",28.42,62,1009,1.8,Clouds,2026-01-17 11:30:00
"Singapore,SG",27.91,68,1007,0.95,Clouds,2026-01-17 14:30:00
"Jakarta,ID",27.67,79,1010,5.69,Rain,2026-01-12 17:30:00
"Jakarta,ID",27.79,78,1011,5.16,Rain,2026-01-12 20:30:00
"Jakarta,ID",27.49,79,1011,4.74,Rain,2026-01-12 23:30:00
"Jakarta,ID",28.07,80,1011,4.64,Rain,2026-01-13 02:30:00
"Jakarta,ID",28.77,77,1013,3.5,Rain,2026-01-13 05:30:00
"Jakarta,ID",29.17,61,1013,5.3,Clouds,2026-01-13 08:30:00
"Jakarta,ID",30.55,57,1010,5.14,Rain,2026-01-13 11:30:00
"Jakarta,ID",31.0,54,1008,5.18,Rain,2026-01-13 14:30:00
"Jakarta,ID",29.39,62,1010,5.85,Clouds,2026-01-13 17:30:00
"Jakarta,ID",28.09,67,1012,5.51,Clouds,2026-01-13 20:30:00
"Jakarta,ID",27.17,71,1010,4.46,Rain,2026-01-13 23:30:00
"Jakarta,ID",26.59,73,1010,4.46,Rain,2026-01-14 02:30:00
"Jakarta,ID",26.87,70,1011,4.18,Clouds,2026-01-14 05:30:00
"Jakarta,ID",30.35,54,1012,4.49,Clouds,2026-01-14 08:30:00
"Jakarta,ID",32.36,49,1009,5.74,Clouds,2026-01-14 11:30:00
"Jakarta,ID",31.98,49,1007,6.99,Clouds,2026-01-14 14:30:00
"Jakarta,ID",29.4,60,1009,7.38,Clouds,2026-01-14 17:30:00
"Jakarta,ID",28.29,64,1011,5.91,Clouds,2026-01-14 20:30:00
"Jakarta,ID",27.34,68,1010,5.64,Clouds,2026-01-14 23:30:00
"Jakarta,ID",26.66,72,1009,5.1,Clouds,2026-01-15 02:30:00
"Jakarta,ID",26.82,70,1011,5.1,Clouds,2026-01-15 05:30:00
"Jakarta,ID",30.11,57,1011,5.96,Rain,2026-01-15 08:30:00
"Jakarta,ID",32.74,47,1008,6.64,Clouds,2026-01-15 11:30:00
"Jakarta,ID",31.26,51,1007,7.13,Rain,2026-01-15 14:30:00
"Jakarta,ID",29.0,60,1009,7.08,Clouds,2026-01-15 17:30:00
"Jakarta,ID",28.28,63,1010,5.88,Clouds,2026-01-15 20:30:00
"Jakarta,ID",27.34,68,1009,5.13,Clouds,2026-01-15 23:30:00
"Jakarta,ID",26.88,70,1008,5.36,Clouds,2026-01-16 02:30:00
"Jakarta,ID",26.96,70,1010,4.9,Clouds,2026-01-16 05:30:00
"Jakarta,ID",30.24,56,1010,5.02,Clouds,2026-01-16 08:30:00
"Jakarta,ID",31.65,51,1008,5.66,Rain,2026-01-16 11:30:00
"Jakarta,ID",30.93,52,1007,5.99,Clouds,2026-01-16 14:30:00
"Jakarta,ID",29.4,58,1009,6.11,Rain,2026-01-16 17:30:00
"Jakarta,ID",28.55,60,1010,5.63,Clouds,2026-01-16 20:30:00
"Jakarta,ID",27.8,63,1008,5.05,Clouds,2026-01-16 23:30:00
"Jakarta,ID",27.22,67,1008,4.87,Clouds,2026-01-17 02:30:00
"Jakarta,ID",27.28,68,1009,4.81,Clouds,2026-01-17 05:30:00
"Jakarta,ID",27.22,69,1010,5.68,Rain,2026-01-17 08:30:00
"Jakarta,ID",26.45,75,1008,5.35,Rain,2026-01-17 11:30:00
"Jakarta,ID",26.94,71,1007,5.08,Rain,2026-01-17 14:30:00
"Kuala Lumpur,MY",26.09,75,1012,1.25,Rain,2026-01-12 17:30:00
"Kuala Lumpur,MY",25.93,79,1013,0.61,Rain,2026-01-12 20:30:00
"Kuala Lumpur,MY",25.09,86,1013,0.75,Rain,2026-01-12 23:30:00
"Kuala Lumpur,MY",24.58,92,1013,1.01,Rain,2026-01-13 02:30:00
"Kuala Lumpur,MY",25.12,90,1014,1.05,Clouds,2026-01-13 05:30:00
"Kuala Lumpur,MY",28.16,68,1015,0.37,Rain,2026-01-13 08:30:00
"Kuala Lumpur,MY",30.19,59,1012,2.53,Rain,2026-01-13 11:30:00
"Kuala Lumpur,MY",27.87,73,1010,0.73,Rain,2026-01-13 14:30:00
"Kuala Lumpur,MY",24.57,89,1011,0.22,Rain,2026-01-13 17:30:00
"Kuala Lumpur,MY",23.48,91,1013,0.55,Rain,2026-01-13 20:30:00
"Kuala Lumpur,MY",22.68,91,1012,0.82,Rain,2026-01-13 23:30:00
"Kuala Lumpur,MY",22.21,91,1011,1.09,Clouds,2026-01-14 02:30:00
"Kuala Lumpur,MY",22.37,90,1012,1.26,Clouds,2026-01-14 05:30:00
"Kuala Lumpur,MY",28.29,66,1014,0.6,Clouds,2026-01-14 08:30:00
"Kuala Lumpur,MY",30.29,58,1011,1.42,Rain,2026-01-14 11:30:00
"Kuala Lumpur,MY",27.75,74,1009,0.66,Rain,2026-01-14 14:30:00
"Kuala Lumpur,MY",24.77,87,1011,0.86,Rain,2026-01-14 17:30:00
"Kuala Lumpur,MY",23.58,90,1013,1.43,Clouds,2026-01-14 20:30:00
"Kuala Lumpur,MY",22.74,91,1011,1.55,Clouds,2026-01-14 23:30:00
"Kuala Lumpur,MY",22.22,92,1011,1.13,Clouds,2026-01-15 02:30:00
"Kuala Lumpur,MY",22.45,91,1012,1.29,Clouds,2026-01-15 05:30:00
"Kuala Lumpur,MY",28.62,67,1013,0.58,Rain,2026-01-15 08:30:00
"Kuala Lumpur,MY",30.77,55,1010,1.96,Rain,2026-01-15 11:30:00
"Kuala Lumpur,MY",28.48,68,1008,1.47,Rain,2026-01-15 14:30:00
"Kuala Lumpur,MY",25.03,85,1010,1.01,Rain,2026-01-15 17:30:00
"Kuala Lumpur,MY",23.5,90,1012,0.84,Rain,2026-01-15 20:30:00
"Kuala Lumpur,MY",22.97,90,1011,0.85,Rain,2026-01-15 23:30:00
"Kuala Lumpur,MY",22.46,91,1010,1.2,Clouds,2026-01-16 02:30:00
"Kuala Lumpur,MY",22.7,90,1011,0.91,Clouds,2026-01-16 05:30:00
"Kuala Lumpur,MY",28.65,66,1012,0.76,Clouds,2026-01-16 08:30:00
"Kuala Lumpur,MY",31.73,50,1009,2.66,Clouds,2026-01-16 11:30:00
"Kuala Lumpur,MY",28.59,68,1008,2.45,Rain,2026-01-16 14:30:00
"Kuala Lumpur,MY",24.91,87,1010,1.23,Rain,2026-01-16 17:30:00
"Kuala Lumpur,MY",24.01,90,1011,0.77,Rain,2026-01-16 20:30:00
"Kuala Lumpur,MY",23.35,91,1010,0.67,Rain,2026-01-16 23:30:00
"Kuala Lumpur,MY",22.79,92,1009,0.82,Rain,2026-01-17 02:30:00
"Kuala Lumpur,MY",23.05,91,1011,0.64,Clouds,2026-01-17 05:30:00
"Kuala Lumpur,MY",27.94,70,1012,0.59,Clouds,2026-01-17 08:30:00
"Kuala Lumpur,MY",30.04,60,1009,2.63,Rain,2026-01-17 11:30:00
"Kuala Lumpur,MY",28.32,70,1008,2.17,Rain,2026-01-17 14:30:00
"Dubai,AE",24.28,49,1020,3.17,Clear,2026-01-12 17:30:00
"Dubai,AE",23.59,51,1020,2.45,Clear,2026-01-12 20:30:00
"Dubai,AE",22.15,55,1021,2.12,Clear,2026-01-12 23:30:00
"Dubai,AE",17.51,60,1020,1.53,Clear,2026-01-13 02:30:00
"Dubai,AE",18.09,62,1020,1.25,Clear,2026-01-13 05:30:00
"Dubai,AE",19.43,62,1021,1.52,Clear,2026-01-13 08:30:00
"Dubai,AE",20.14,60,1022,0.78,Clear,2026-01-13 11:30:00
"Dubai,AE",21.11,54,1020,1.87,Clear,2026-01-13 14:30:00
"Dubai,AE",21.27,54,1019,3.58,Clear,2026-01-13 17:30:00
"Dubai,AE",20.86,55,1020,2.35,Clear,2026-01-13 20:30:00
"Dubai,AE",20.46,57,1020,1.71,Clear,2026-01-13 23:30:00
"Dubai,AE",19.77,59,1019,0.7,Clear,2026-01-14 02:30:00
"Dubai,AE",19.16,60,1018,0.93,Clear,2026-01-14 05:30:00
"Dubai,AE",18.61,61,1019,1.4,Clear,2026-01-14 08:30:00
"Dubai,AE",19.91,52,1020,0.82,Clear,2026-01-14 11:30:00
"Dubai,AE",21.27,47,1018,2.17,Clear,2026-01-14 14:30:00
"Dubai,AE",21.51,47,1017,2.7,Clear,2026-01-14 17:30:00
"Dubai,AE",21.06,52,1018,1.67,Clear,2026-01-14 20:30:00
"Dubai,AE",20.68,51,1018,0.32,Clouds,2026-01-14 23:30:00
"Dubai,AE",20.31,51,1016,0.39,Clouds,2026-01-15 02:30:00
"Dubai,AE",20.07,51,1016,0.17,Clouds,2026-01-15 05:30:00
"Dubai,AE",19.82,52,1017,0.54,Clouds,2026-01-15 08:30:00
"Dubai,AE",21.06,48,1018,0.85,Clouds,2026-01-15 11:30:00
"Dubai,AE",22.0,49,1016,2.65,Clouds,2026-01-15 14:30:00
"Dubai,AE",21.91,58,1015,4.14,Clouds,2026-01-15 17:30:00
"Dubai,AE",21.71,71,1017,5.81,Clouds,2026-01-15 20:30:00
"Dubai,AE",21.09,74,1017,4.71,Clouds,2026-01-15 23:30:00
"Dubai,AE",20.23,74,1017,7.24,Clouds,2026-01-16 02:30:00
"Dubai,AE",20.23,63,1016,8.37,Clouds,2026-01-16 05:30:00
"Dubai,AE",19.61,62,1017,8.7,Clear,2026-01-16 08:30:00
"Dubai,AE",19.74,58,1019,9.0,Clear,2026-01-16 11:30:00
"Dubai,AE",19.49,56,1017,10.35,Clear,2026-01-16 14:30:00
"Dubai,AE",19.27,55,1016,11.27,Clear,2026-01-16 17:30:00
"Dubai,AE",19.07,56,1017,10.28,Clear,2026-01-16 20:30:00
"Dubai,AE",18.98,56,1017,10.44,Clear,2026-01-16 23:30:00
"Dubai,AE",18.4,59,1017,10.86,Clear,2026-01-17 02:30:00
"Dubai,AE",18.0,60,1017,10.47,Clear,2026-01-17 05:30:00
"Dubai,AE",17.95,61,1018,9.5,Clear,2026-01-17 08:30:00
"Dubai,AE",18.48,57,1019,8.04,Clear,2026-01-17 11:30:00
"Dubai,AE",18.76,56,1017,8.29,Clear,2026-01-17 14:30:00
"Doha,QA",21.6,52,1020,1.64,Clear,2026-01-12 17:30:00
"Doha,QA",20.85,54,1020,2.14,Clear,2026-01-12 20:30:00
"Doha,QA",19.12,56,1021,2.68,Clear,2026-01-12 23:30:00
"Doha,QA",16.68,58,1021,1.79,Clear,2026-01-13 02:30:00
"Doha,QA",15.83,65,1021,0.05,Clear,2026-01-13 05:30:00
"Doha,QA",15.38,70,1021,0.86,Clear,2026-01-13 08:30:00
"Doha,QA",18.54,61,1022,2.22,Clear,2026-01-13 11:30:00
"Doha,QA",21.3,47,1020,3.45,Clouds,2026-01-13 14:30:00
"Doha,QA",21.51,48,1018,4.48,Clouds,2026-01-13 17:30:00
"Doha,QA",19.03,62,1019,3.91,Clear,2026-01-13 20:30:00
"Doha,QA",18.58,69,1019,4.17,Clear,2026-01-13 23:30:00
"Doha,QA",18.25,73,1018,4.04,Clear,2026-01-14 02:30:00
"Doha,QA",17.94,77,1017,4.11,Clear,2026-01-14 05:30:00
"Doha,QA",17.75,82,1018,4.28,Clouds,2026-01-14 08:30:00
"Doha,QA",20.59,61,1019,4.34,Clouds,2026-01-14 11:30:00
"Doha,QA",23.6,41,1017,3.53,Clouds,2026-01-14 14:30:00
"Doha,QA",24.42,35,1016,2.2,Clouds,2026-01-14 17:30:00
"Doha,QA",20.96,51,1017,2.19,Clouds,2026-01-14 20:30:00
"Doha,QA",19.8,54,1018,3.75,Clouds,2026-01-14 23:30:00
"Doha,QA",17.89,76,1017,4.2,Clouds,2026-01-15 02:30:00
"Doha,QA",17.27,84,1017,4.63,Clouds,2026-01-15 05:30:00
"Doha,QA",17.01,84,1018,4.79,Clouds,2026-01-15 08:30:00
"Doha,QA",19.69,68,1019,6.91,Clouds,2026-01-15 11:30:00
"Doha,QA",22.04,50,1018,8.17,Clouds,2026-01-15 14:30:00
"Doha,QA",21.07,45,1017,7.78,Clouds,2026-01-15 17:30:00
"Doha,QA",17.73,57,1018,6.54,Clouds,2026-01-15 20:30:00
"Doha,QA",16.81,57,1020,6.6,Clouds,2026-01-15 23:30:00
"Doha,QA",15.82,60,1020,6.1,Clear,2026-01-16 02:30:00
"Doha,QA",14.98,60,1020,4.64,Clear,2026-01-16 05:30:00
"Doha,QA",14.31,58,1020,4.68,Clear,2026-01-16 08:30:00
"Doha,QA",17.31,46,1022,6.7,Clear,2026-01-16 11:30:00
"Doha,QA",19.04,40,1020,8.24,Clear,2026-01-16 14:30:00
"Doha,QA",18.32,40,1019,8.86,Clear,2026-01-16 17:30:00
"Doha,QA",16.35,50,1020,7.12,Clear,2026-01-16 20:30:00
"Doha,QA",15.26,55,1021,6.86,Clear,2026-01-16 23:30:00
"Doha,QA",13.82,60,1021,7.27,Clear,2026-01-17 02:30:00
"Doha,QA",12.65,54,1020,5.96,Clear,2026-01-17 05:30:00
"Doha,QA",12.03,51,1021,7.04,Clear,2026-01-17 08:30:00
"Doha,QA",14.58,53,1022,8.41,Clear,2026-01-17 11:30:00
"Doha,QA",17.57,45,1020,8.26,Clouds,2026-01-17 14:30:00
"Cairo,EG",18.88,30,1016,10.18,Clear,2026-01-12 17:30:00
"Cairo,EG",18.37,32,1016,8.24,Clear,2026-01-12 20:30:00
"Cairo,EG",16.13,39,1017,6.02,Clouds,2026-01-12 23:30:00
"Cairo,EG",12.62,60,1020,6.08,Clouds,2026-01-13 02:30:00
"Cairo,EG",11.14,61,1019,5.07,Clear,2026-01-13 05:30:00
"Cairo,EG",10.81,65,1020,7.18,Clouds,2026-01-13 08:30:00
"Cairo,EG",11.91,54,1021,6.65,Clouds,2026-01-13 11:30:00
"Cairo,EG",15.67,44,1022,7.83,Clouds,2026-01-13 14:30:00
"Cairo,EG",16.54,38,1021,8.37,Clouds,2026-01-13 17:30:00
"Cairo,EG",15.24,45,1022,7.43,Clouds,2026-01-13 20:30:00
"Cairo,EG",13.58,48,1024,5.05,Clouds,2026-01-13 23:30:00
"Cairo,EG",11.83,57,1024,4.52,Clouds,2026-01-14 02:30:00
"Cairo,EG",10.76,63,1024,3.01,Clouds,2026-01-14 05:30:00
"Cairo,EG",10.09,68,1024,1.52,Clear,2026-01-14 08:30:00
"Cairo,EG",10.64,66,1025,1.76,Clear,2026-01-14 11:30:00
"Cairo,EG",15.63,48,1025,3.38,Clouds,2026-01-14 14:30:00
"Cairo,EG",19.38,34,1022,5.39,Clouds,2026-01-14 17:30:00
"Cairo,EG",17.81,38,1023,6.07,Clouds,2026-01-14 20:30:00
"Cairo,EG",14.39,53,1025,3.97,Clear,2026-01-14 23:30:00
"Cairo,EG",12.67,65,1025,2.21,Clear,2026-01-15 02:30:00
"Cairo,EG",11.8,71,1025,1.42,Clear,2026-01-15 05:30:00
"Cairo,EG",11.2,74,1025,0.94,Clear,2026-01-15 08:30:00
"Cairo,EG",12.23,69,1025,0.61,Clear,2026-01-15 11:30:00
"Cairo,EG",16.06,53,1025,0.85,Clear,2026-01-15 14:30:00
"Cairo,EG",18.55,42,1023,0.88,Clear,2026-01-15 17:30:00
"Cairo,EG",18.49,41,1023,1.03,Clear,2026-01-15 20:30:00
"Cairo,EG",16.64,51,1024,3.29,Clouds,2026-01-15 23:30:00
"Cairo,EG",14.47,60,1024,3.3,Clear,2026-01-16 02:30:00
"Cairo,EG",13.39,66,1024,2.5,Clear,2026-01-16 05:30:00
"Cairo,EG",12.49,71,1023,2.47,Clear,2026-01-16 08:30:00
"Cairo,EG",12.73,70,1024,2.81,Clear,2026-01-16 11:30:00
"Cairo,EG",17.1,52,1022,4.38,Clear,2026-01-16 14:30:00
"Cairo,EG",19.67,40,1020,4.07,Clear,2026-01-16 17:30:00
"Cairo,EG",18.79,39,1019,5.01,Clouds,2026-01-16 20:30:00
"Cairo,EG",16.01,47,1020,6.29,Clouds,2026-01-16 23:30:00
"Cairo,EG",13.67,64,1020,4.45,Clouds,2026-01-17 02:30:00
"Cairo,EG",12.5,67,1019,3.19,Clouds,2026-01-17 05:30:00
"Cairo,EG",11.7,70,1018,2.69,Clouds,2026-01-17 08:30:00
"Cairo,EG",11.91,71,1019,2.91,Clear,2026-01-17 11:30:00
"Cairo,EG",16.47,52,1018,3.47,Clear,2026-01-17 14:30:00
"Cape Town,ZA",23.98,69,1012,5.28,Clouds,2026-01-12 17:30:00
"Cape Town,ZA",23.67,70,1012,6.4,Clouds,2026-01-12 20:30:00
"Cape Town,ZA",21.78,76,1012,5.81,Clouds,2026-01-12 23:30:00
"Cape Town,ZA",19.64,84,1013,4.91,Clear,2026-01-13 02:30:00
"Cape Town,ZA",19.04,87,1012,4.16,Clear,2026-01-13 05:30:00
"Cape Town,ZA",18.69,88,1012,3.2,Clouds,2026-01-13 08:30:00
"Cape Town,ZA",20.34,76,1013,2.87,Clouds,2026-01-13 11:30:00
"Cape Town,ZA",22.67,68,1013,4.1,Clouds,2026-01-13 14:30:00
"Cape Town,ZA",23.36,65,1012,6.04,Clouds,2026-01-13 17:30:00
"Cape Town,ZA",22.12,62,1011,6.28,Clear,2026-01-13 20:30:00
"Cape Town,ZA",19.97,69,1012,5.17,Clear,2026-01-13 23:30:00
"Cape Town,ZA",18.9,75,1012,4.33,Clear,2026-01-14 02:30:00
"Cape Town,ZA",18.24,78,1010,3.15,Clear,2026-01-14 05:30:00
"Cape Town,ZA",17.72,79,1009,1.1,Clear,2026-01-14 08:30:00
"Cape Town,ZA",19.55,67,1010,0.92,Clear,2026-01-14 11:30:00
"Cape Town,ZA",22.58,49,1009,3.19,Clear,2026-01-14 14:30:00
"Cape Town,ZA",23.06,54,1008,4.39,Clear,2026-01-14 17:30:00
"Cape Town,ZA",22.31,62,1008,4.21,Clear,2026-01-14 20:30:00
"Cape Town,ZA",20.36,80,1009,4.64,Clear,2026-01-14 23:30:00
"Cape Town,ZA",19.62,88,1010,3.12,Rain,2026-01-15 02:30:00
"Cape Town,ZA",17.95,74,1012,7.82,Rain,2026-01-15 05:30:00
"Cape Town,ZA",17.31,68,1012,6.73,Rain,2026-01-15 08:30:00
"Cape Town,ZA",17.31,61,1015,6.99,Clouds,2026-01-15 11:30:00
"Cape Town,ZA",18.39,56,1015,7.94,Clouds,2026-01-15 14:30:00
"Cape Town,ZA",19.68,54,1015,8.59,Clouds,2026-01-15 17:30:00
"Cape Town,ZA",19.19,57,1014,9.75,Clouds,2026-01-15 20:30:00
"Cape Town,ZA",17.74,65,1015,10.64,Clouds,2026-01-15 23:30:00
"Cape Town,ZA",17.17,70,1016,9.39,Clear,2026-01-16 02:30:00
"Cape Town,ZA",16.59,74,1014,6.67,Clear,2026-01-16 05:30:00
"Cape Town,ZA",16.88,74,1014,4.77,Clouds,2026-01-16 08:30:00
"Cape Town,ZA",18.32,72,1017,5.45,Clouds,2026-01-16 11:30:00
"Cape Town,ZA",19.06,66,1017,6.56,Rain,2026-01-16 14:30:00
"Cape Town,ZA",19.6,62,1017,6.99,Clouds,2026-01-16 17:30:00
"Cape Town,ZA",19.51,59,1017,7.56,Clouds,2026-01-16 20:30:00
"Cape Town,ZA",18.09,61,1017,7.02,Clouds,2026-01-16 23:30:00
"Cape Town,ZA",17.61,61,1018,6.1,Clear,2026-01-17 02:30:00
"Cape Town,ZA",16.97,64,1017,4.61,Clear,2026-01-17 05:30:00
"Cape Town,ZA",16.66,66,1016,3.51,Clouds,2026-01-17 08:30:00
"Cape Town,ZA",18.36,59,1017,2.78,Clouds,2026-01-17 11:30:00
"Cape Town,ZA",20.66,55,1017,3.88,Clouds,2026-01-17 14:30:00
"Sydney,AU",19.8,91,1015,3.24,Rain,2026-01-12 17:30:00
"Sydney,AU",19.89,90,1014,2.1,Rain,2026-01-12 20:30:00
"Sydney,AU",19.88,88,1013,2.29,Clouds,2026-01-12 23:30:00
"Sydney,AU",21.34,79,1013,1.43,Clouds,2026-01-13 02:30:00
"Sydney,AU",27.19,64,1011,2.88,Clouds,2026-01-13 05:30:00
"Sydney,AU",25.34,65,1010,6.39,Clear,2026-01-13 08:30:00
"Sydney,AU",24.06,71,1008,7.75,Clouds,2026-01-13 11:30:00
"Sydney,AU",22.6,80,1010,4.95,Clear,2026-01-13 14:30:00
"Sydney,AU",22.22,84,1011,3.67,Clouds,2026-01-13 17:30:00
"Sydney,AU",21.79,86,1010,3.13,Rain,2026-01-13 20:30:00
"Sydney,AU",21.62,86,1010,3.89,Rain,2026-01-13 23:30:00
"Sydney,AU",21.61,85,1011,3.57,Rain,2026-01-14 02:30:00
"Sydney,AU",23.91,71,1011,4.14,Rain,2026-01-14 05:30:00
"Sydney,AU",24.23,70,1009,6.21,Clouds,2026-01-14 08:30:00
"Sydney,AU",23.0,81,1008,6.0,Rain,2026-01-14 11:30:00
"Sydney,AU",20.83,93,1010,6.77,Rain,2026-01-14 14:30:00
"Sydney,AU",20.97,90,1011,3.15,Rain,2026-01-14 17:30:00
"Sydney,AU",20.8,92,1008,3.31,Rain,2026-01-14 20:30:00
"Sydney,AU",21.06,87,1008,3.45,Rain,2026-01-14 23:30:00
"Sydney,AU",22.64,82,1008,3.64,Clouds,2026-01-15 02:30:00
"Sydney,AU",23.14,81,1008,5.42,Rain,2026-01-15 05:30:00
"Sydney,AU",24.94,74,1005,6.23,Rain,2026-01-15 08:30:00
"Sydney,AU",24.43,80,1002,7.44,Rain,2026-01-15 11:30:00
"Sydney,AU",22.59,90,1001,9.74,Rain,2026-01-15 14:30:00
"Sydney,AU",21.62,93,1001,2.7,Rain,2026-01-15 17:30:00
"Sydney,AU",21.0,94,999,2.15,Clear,2026-01-15 20:30:00
"Sydney,AU",20.43,94,999,1.82,Clear,2026-01-15 23:30:00
"Sydney,AU",20.78,87,1001,6.55,Clouds,2026-01-16 02:30:00
"Sydney,AU",22.09,81,1001,7.85,Clouds,2026-01-16 05:30:00
"Sydney,AU",24.15,76,1000,7.54,Rain,2026-01-16 08:30:00
"Sydney,AU",23.42,85,999,8.21,Rain,2026-01-16 11:30:00
"Sydney,AU",22.33,83,1002,5.54,Rain,2026-01-16 14:30:00
"Sydney,AU",22.35,87,1003,3.48,Rain,2026-01-16 17:30:00
"Sydney,AU",21.76,89,1002,4.07,Rain,2026-01-16 20:30:00
"Sydney,AU",21.41,90,1002,3.0,Rain,2026-01-16 23:30:00
"Sydney,AU",22.77,83,1004,2.69,Rain,2026-01-17 02:30:00
"Sydney,AU",24.39,70,1004,4.34,Rain,2026-01-17 05:30:00
"Sydney,AU",22.64,82,1004,5.65,Rain,2026-01-17 08:30:00
"Sydney,AU",21.28,87,1004,4.48,Rain,2026-01-17 11:30:00
"Sydney,AU",21.25,88,1005,9.7,Rain,2026-01-17 14:30:00
"Toronto,CA",-1.12,53,1017,5.81,Clouds,2026-01-12 17:30:00
"Toronto,CA",-1.05,56,1017,6.52,Clouds,2026-01-12 20:30:00
"Toronto,CA",-0.51,63,1016,5.74,Clouds,2026-01-12 23:30:00
"Toronto,CA",0.52,69,1015,5.06,Clouds,2026-01-13 02:30:00
"Toronto,CA",0.48,70,1016,4.88,Clouds,2026-01-13 05:30:00
"Toronto,CA",-0.06,72,1015,4.26,Clouds,2026-01-13 08:30:00
"Toronto,CA",-0.12,77,1015,3.79,Clouds,2026-01-13 11:30:00
"Toronto,CA",-0.06,79,1014,3.44,Clouds,2026-01-13 14:30:00
"Toronto,CA",-0.75,82,1013,2.6,Clouds,2026-01-13 17:30:00
"Toronto,CA",1.0,81,1011,4.67,Clouds,2026-01-13 20:30:00
"Toronto,CA",2.02,72,1005,5.33,Clouds,2026-01-13 23:30:00
"Toronto,CA",3.56,64,1000,6.67,Clouds,2026-01-14 02:30:00
"Toronto,CA",3.56,72,999,6.95,Clouds,2026-01-14 05:30:00
"Toronto,CA",3.32,79,999,5.73,Clouds,2026-01-14 08:30:00
"Toronto,CA",3.04,83,999,4.79,Clouds,2026-01-14 11:30:00
"Toronto,CA",2.98,85,999,4.4,Clouds,2026-01-14 14:30:00
"Toronto,CA",2.68,87,1000,3.63,Clouds,2026-01-14 17:30:00
"Toronto,CA",2.42,82,1001,3.11,Clouds,2026-01-14 20:30:00
"Toronto,CA",1.93,86,1001,2.92,Clouds,2026-01-14 23:30:00
"Toronto,CA",3.14,72,1001,2.34,Clouds,2026-01-15 02:30:00
"Toronto,CA",-0.98,80,1003,5.13,Clouds,2026-01-15 05:30:00
"Toronto,CA",-4.36,81,1004,6.22,Snow,2026-01-15 08:30:00
"Toronto,CA",-7.01,81,1005,6.6,Snow,2026-01-15 11:30:00
"Toronto,CA",-9.19,84,1006,6.18,Snow,2026-01-15 14:30:00
"Toronto,CA",-11.1,87,1007,6.33,Snow,2026-01-15 17:30:00
"Toronto,CA",-11.97,81,1008,6.14,Snow,2026-01-15 20:30:00
"Toronto,CA",-10.66,73,1007,5.81,Snow,2026-01-15 23:30:00
"Toronto,CA",-9.58,71,1008,5.19,Snow,2026-01-16 02:30:00
"Toronto,CA",-10.36,73,1010,5.61,Clouds,2026-01-16 05:30:00
"Toronto,CA",-11.65,76,1011,5.01,Clouds,2026-01-16 08:30:00
"Toronto,CA",-12.55,75,1011,4.62,Clouds,2026-01-16 11:30:00
"Toronto,CA",-11.95,73,1012,4.09,Clear,2026-01-16 14:30:00
"Toronto,CA",-10.79,81,1014,3.15,Clear,2026-01-16 17:30:00
"Toronto,CA",-8.0,73,1015,1.44,Clear,2026-01-16 20:30:00
"Toronto,CA",-4.09,68,1015,3.24,Clouds,2026-01-16 23:30:00
"Toronto,CA",-3.49,55,1015,3.43,Clouds,2026-01-17 02:30:00
"Toronto,CA",-2.93,66,1015,4.69,Clouds,2026-01-17 05:30:00
"Toronto,CA",-2.48,70,1015,4.87,Clouds,2026-01-17 08:30:00
"Toronto,CA",-2.01,70,1014,4.54,Clouds,2026-01-17 11:30:00
"Toronto,CA",-2.16,78,1013,5.03,Clouds,2026-01-17 14:30:00
"Vancouver,CA",9.61,95,1021,6.73,Rain,2026-01-12 17:30:00
"Vancouver,CA",9.47,94,1022,5.35,Rain,2026-01-12 20:30:00
"Vancouver,CA",9.9,94,1023,6.03,Rain,2026-01-12 23:30:00
"Vancouver,CA",10.91,90,1024,4.64,Rain,2026-01-13 02:30:00
"Vancouver,CA",10.56,96,1024,4.76,Rain,2026-01-13 05:30:00
"Vancouver,CA",9.49,96,1025,4.28,Rain,2026-01-13 08:30:00
"Vancouver,CA",9.5,96,1025,2.13,Rain,2026-01-13 11:30:00
"Vancouver,CA",9.54,96,1026,2.4,Rain,2026-01-13 14:30:00
"Vancouver,CA",9.66,97,1027,2.66,Rain,2026-01-13 17:30:00
"Vancouver,CA",9.81,96,1027,2.84,Rain,2026-01-13 20:30:00
"Vancouver,CA",10.12,95,1029,2.46,Clouds,2026-01-13 23:30:00
"Vancouver,CA",11.17,91,1030,1.59,Clouds,2026-01-14 02:30:00
"Vancouver,CA",10.98,92,1029,0.54,Clouds,2026-01-14 05:30:00
"Vancouver,CA",9.83,91,1029,1.45,Clouds,2026-01-14 08:30:00
"Vancouver,CA",9.23,91,1029,1.87,Clear,2026-01-14 11:30:00
"Vancouver,CA",8.69,91,1030,0.51,Clear,2026-01-14 14:30:00
"Vancouver,CA",8.18,93,1030,1.89,Clear,2026-01-14 17:30:00
"Vancouver,CA",7.69,91,1031,1.1,Clear,2026-01-14 20:30:00
"Vancouver,CA",8.7,91,1032,1.88,Rain,2026-01-14 23:30:00
"Vancouver,CA",8.9,94,1033,0.38,Rain,2026-01-15 02:30:00
"Vancouver,CA",9.0,94,1033,1.78,Clouds,2026-01-15 05:30:00
"Vancouver,CA",8.46,97,1033,1.35,Clouds,2026-01-15 08:30:00
"Vancouver,CA",8.71,95,1034,1.02,Clouds,2026-01-15 11:30:00
"Vancouver,CA",8.76,91,1034,1.4,Clouds,2026-01-15 14:30:00
"Vancouver,CA",8.27,85,1033,2.18,Clouds,2026-01-15 17:30:00
"Vancouver,CA",7.47,85,1033,3.12,Clouds,2026-01-15 20:30:00
"Vancouver,CA",8.2,77,1033,1.91,Clouds,2026-01-15 23:30:00
"Vancouver,CA",8.85,76,1032,3.61,Clear,2026-01-16 02:30:00
"Vancouver,CA",7.78,84,1030,3.37,Clouds,2026-01-16 05:30:00
"Vancouver,CA",7.13,84,1029,2.85,Clear,2026-01-16 08:30:00
"Vancouver,CA",6.88,74,1029,1.31,Clear,2026-01-16 11:30:00
"Vancouver,CA",6.42,70,1028,1.33,Clear,2026-01-16 14:30:00
"Vancouver,CA",6.15,69,1027,2.2,Clear,2026-01-16 17:30:00
"Vancouver,CA",5.78,68,1026,1.07,Clear,2026-01-16 20:30:00
"Vancouver,CA",7.24,65,1026,1.24,Clear,2026-01-16 23:30:00
"Vancouver,CA",8.72,63,1025,2.09,Clear,2026-01-17 02:30:00
"Vancouver,CA",7.92,73,1024,1.99,Clear,2026-01-17 05:30:00
"Vancouver,CA",7.61,75,1024,1.35,Clear,2026-01-17 08:30:00
"Vancouver,CA",7.37,70,1024,0.81,Clear,2026-01-17 11:30:00
"Vancouver,CA",6.87,70,1025,0.45,Clouds,2026-01-17 14:30:00
